call_id,customer_id,start_time,end_time,origin,destination,call_duration,call_cost
1,35,2023-05-15 10:06:56,2023-07-03 10:50:47,+1-180-272-6896,001-404-609-2227,3475,39.86
2,60,2022-03-11 01:37:59,2023-06-28 08:29:25,002-674-7097x8335,(009)282-7628x64372,100,191.94
3,348,2022-03-15 03:13:07,2023-12-19 06:21:40,+1-028-863-9425x30119,+1-709-537-1032x79481,3521,403.55
4,78,2021-10-08 11:16:00,2022-08-04 21:56:10,+1-317-240-2582x1785,(729)222-3328,1305,202.6
5,994,2023-05-13 23:07:13,2024-07-10 03:52:25,001-933-701-9641,1892759245,3455,456.58
6,268,2023-04-12 17:25:14,2022-03-20 09:18:55,001-249-290-6239,(368)805-4059x63553,482,330.02
7,476,2024-04-23 17:39:55,2022-08-07 01:35:32,480-531-8099,001-667-000-5434,519,173.32
8,666,2022-01-29 23:12:17,2022-02-21 02:20:56,+1-231-900-5247x6657,819.633.6126x3271,2186,419.74
9,181,2022-03-23 06:26:28,2024-04-15 12:30:27,(862)943-5495x486,170-397-1350,2937,388.03
10,178,2024-02-10 01:47:57,2022-01-18 18:31:15,+1-463-006-6547x922,668-281-3402x4281,974,83.47
11,896,2023-12-14 20:16:22,2023-04-13 15:13:45,001-397-528-6827x806,001-582-453-5041x865,2782,232.12
12,588,2024-05-29 21:00:32,2022-02-18 09:12:16,001-468-065-1631x2673,650-895-4096x93057,18,169.16
13,378,2023-04-13 04:13:08,2021-11-27 08:58:05,465.227.9209x413,(681)809-8727x8895,3163,12.42
14,385,2022-09-26 07:55:44,2022-01-28 19:10:54,001-278-445-4100x444,554-425-5176,2158,135.32
15,284,2023-07-22 10:47:23,2023-04-29 22:34:53,5090466769,(432)008-3774,2367,464.91
16,379,2024-06-15 17:26:04,2022-08-29 08:06:58,710-662-2295,001-950-496-2445x018,1362,490.41
17,944,2021-12-16 03:12:13,2023-02-08 15:57:12,(035)814-6522x98441,(897)214-2861,3206,116.42
18,858,2023-10-21 13:51:52,2023-09-18 03:28:36,3792328066,001-053-485-1392,1544,425.89
19,526,2022-06-22 00:21:50,2022-06-21 11:41:39,+1-699-102-4419x011,+1-255-077-9777x28228,1802,370.15
20,496,2022-08-14 23:17:53,2021-11-28 01:32:06,001-033-836-3503x0151,+1-088-363-5111,1749,488.04
21,65,2023-06-18 13:39:20,2023-02-15 10:47:54,6960814055,(433)478-8733x0429,1423,51.02
22,659,2022-01-13 15:37:48,2022-08-24 02:18:53,716.105.1477,373.276.7179x932,2691,56.16
23,232,2022-07-25 23:33:47,2022-07-23 02:52:31,263.421.4271,+1-830-451-7429,3023,106.51
24,34,2022-03-28 11:46:21,2021-12-20 16:53:08,(599)601-6656,7427658616,3404,148.48
25,752,2023-12-07 06:55:13,2022-06-01 12:01:53,+1-690-163-1325x475,136-704-2477,771,475.12
26,933,2023-10-20 07:03:14,2023-04-28 07:06:02,+1-068-719-4160,(164)817-8864,5,320.43
27,634,2021-11-23 22:56:25,2022-08-04 21:38:45,434-128-1694x8373,+1-355-552-5965x973,3250,446.01
28,627,2021-11-02 14:13:25,2024-05-05 23:41:03,001-935-822-8500,001-006-464-4759x61889,2023,173.51
29,120,2024-09-25 09:01:55,2022-05-17 08:24:39,448.600.6542x570,(957)975-0332x532,2348,133.5
30,96,2023-08-21 00:43:05,2022-07-29 06:29:40,(520)252-8918x222,4916260954,2466,461.4
31,858,2021-11-21 23:56:39,2022-07-16 03:55:49,+1-818-784-3032x754,+1-979-582-9387x53865,878,196.16
32,213,2022-08-27 03:39:04,2023-09-20 13:51:32,001-214-804-7852x70302,+1-965-618-5701x330,1329,336.25
33,869,2022-09-21 03:14:24,2024-02-13 17:44:27,+1-600-826-4280x775,(191)960-7108,3081,318.01
34,509,2021-10-26 04:55:25,2022-03-16 20:59:50,(441)421-0350,001-095-115-1386x8541,1535,160.57
35,959,2023-04-19 12:27:08,2022-03-21 22:51:36,(937)898-4880,534-147-1355,3078,138.89
36,881,2022-06-07 12:47:02,2023-08-27 07:40:48,762-082-0709x947,409.971.9000x26163,3056,69.04
37,671,2024-09-14 05:29:17,2022-06-15 18:29:13,(909)278-0325,001-502-223-7043,727,257.47
38,51,2022-09-18 19:57:55,2024-06-21 17:14:08,857.124.6453x8650,6742336917,73,374.4
39,46,2022-10-27 22:35:28,2022-07-18 19:15:11,(628)143-7060x95933,+1-065-245-4131x959,3583,339.33
40,567,2022-01-23 09:31:06,2023-05-24 12:39:06,+1-573-330-7546x753,+1-833-296-2841x50132,522,20.08
41,108,2022-12-28 12:44:25,2024-03-17 19:15:53,226-124-9213x43054,266-327-2298x99607,764,155.53
42,972,2023-07-18 19:29:06,2022-12-01 20:37:47,331.789.5800,482.411.6507x0868,1751,303.57
43,630,2021-12-16 09:25:02,2024-06-26 13:16:38,(317)145-6755,001-421-015-0547x9528,1906,267.37
44,99,2022-05-13 13:35:47,2022-12-14 12:14:27,+1-350-120-8139x6362,(342)504-6855x87504,1204,171.76
45,370,2024-04-16 20:38:17,2023-02-04 13:32:51,074.500.4780,4802789740,2437,258.03
46,823,2024-01-25 17:37:26,2022-07-08 17:47:47,417.663.5426x2722,+1-909-930-8613x74108,1772,259.83
47,300,2024-01-25 20:34:46,2023-08-18 21:48:32,329.845.4146,001-482-055-2857x29609,2887,90.51
48,46,2023-11-15 01:29:14,2024-04-12 01:19:10,(779)070-7343x646,001-324-765-6580x204,2398,400.75
49,132,2022-07-03 23:22:13,2024-01-02 11:45:17,+1-791-121-8050x12446,473-753-3437x265,3368,47.96
50,550,2024-06-02 05:32:39,2024-07-26 20:29:47,655-139-1893x25922,001-246-349-4902x9639,347,282.63
51,9,2023-06-29 10:54:28,2023-08-16 11:46:57,144.555.9816x15904,790.554.4503,1928,343.52
52,927,2021-11-11 04:07:04,2022-04-01 19:56:08,(110)474-9234x8555,+1-174-795-2885x872,1644,288
53,925,2023-04-04 16:33:17,2024-01-07 19:26:51,001-303-473-8212x85638,072-867-1605x1123,3522,368.17
54,285,2024-05-02 17:50:55,2022-08-05 07:21:43,070.801.2861x514,+1-971-043-4649x22928,6,350.63
55,563,2023-01-21 22:20:57,2024-03-27 09:31:38,001-731-397-3436,(593)316-1519,1898,179.59
56,170,2023-06-06 19:56:41,2022-12-19 22:08:19,(526)672-7686x6240,001-083-560-5736,1828,280.73
57,75,2022-09-27 00:18:51,2024-03-21 03:16:50,+1-511-772-6339,776-203-4474,1673,27.64
58,578,2021-10-20 04:06:21,2022-04-11 23:28:38,(502)371-0070,623-912-6587,1507,338.26
59,818,2024-03-08 19:17:12,2022-10-19 23:20:10,(631)739-1281x151,001-077-652-2821x714,1625,386.29
60,30,2024-02-21 04:35:51,2022-11-18 03:36:38,9172373459,456-856-2190x4101,2178,198.6
61,363,2022-01-08 16:48:23,2022-04-25 06:59:12,406.012.7538,001-405-796-4689,2027,453.25
62,760,2024-09-11 03:48:38,2022-10-05 09:38:31,+1-925-320-2600x57844,948.980.6128,1045,442.47
63,687,2024-09-06 17:04:20,2023-01-21 15:14:14,652.611.7862x955,+1-668-625-7858,1842,394.76
64,338,2024-07-22 22:00:44,2022-07-31 20:41:45,(087)590-9554x513,001-434-640-5800x9644,415,454.06
65,700,2022-03-22 11:04:06,2022-12-30 17:54:59,001-698-519-8944x8103,370.432.2670,360,360.8
66,192,2023-05-16 21:07:56,2023-12-21 15:09:24,590.517.7648,+1-734-529-7538,437,200.81
67,842,2023-10-01 23:01:01,2023-10-11 14:35:09,001-444-880-7541x3229,(996)201-4042x23215,3437,346.57
68,508,2022-09-29 09:37:04,2024-05-17 11:41:07,+1-389-305-0015x41116,002-418-4038x3942,1922,255.2
69,375,2022-02-15 10:00:31,2024-06-05 08:02:43,001-728-292-1190x26095,+1-916-721-7403x12513,3088,186.46
70,223,2023-07-10 06:29:12,2022-01-20 10:51:59,001-544-035-9316x59192,(981)559-6111x262,90,197.05
71,413,2022-10-08 19:55:15,2022-11-23 13:40:24,(804)191-6429x589,(426)148-2807x6360,1980,212.68
72,188,2023-04-25 11:54:18,2024-06-11 08:12:08,343-434-2949x97524,417-482-1857x199,1804,359.08
73,928,2022-08-09 15:07:25,2022-12-24 10:07:27,(899)767-4473x438,492.546.4521,468,424.9
74,601,2022-02-06 09:10:05,2023-07-22 03:24:44,001-142-188-4384x310,228.385.4227,1580,406.07
75,269,2021-12-14 14:11:43,2023-01-28 04:49:25,+1-170-350-7055x7618,060-038-6745x374,3165,254.99
76,692,2022-12-09 11:50:45,2022-03-08 01:18:23,942.727.0484x779,7754672293,3586,411.29
77,575,2023-05-17 16:50:12,2024-01-06 23:47:08,735-714-6069x961,(065)094-8597,1441,119.34
78,283,2024-09-09 01:56:52,2023-02-03 09:23:00,+1-951-223-8604x8997,955-988-6852,3364,184.32
79,383,2023-05-09 04:27:58,2023-07-14 22:15:50,(653)255-2055x03994,0327627395,2905,323.15
80,914,2024-02-29 14:40:04,2024-05-25 05:09:51,001-068-511-0730,097-663-2676,72,83.03
81,684,2023-01-22 06:24:15,2022-03-30 02:18:29,(690)634-8365,(245)595-8645,3546,102.65
82,431,2024-06-28 09:28:05,2024-03-30 13:03:36,696-398-3382,1485829284,3574,271.92
83,479,2022-01-07 18:23:10,2023-01-19 06:19:49,4493244908,+1-721-854-0213x0885,1747,109.41
84,822,2021-12-21 06:30:29,2022-11-16 17:03:28,+1-703-854-7887x07705,+1-574-233-7805x8338,278,277.42
85,788,2022-12-08 11:53:31,2023-01-22 21:45:24,+1-822-667-3711x6987,1891690604,614,439.83
86,707,2024-07-05 04:15:26,2024-02-29 17:38:42,001-380-848-1507x4462,(156)140-9768,3039,166.18
87,521,2022-10-04 13:57:57,2023-10-23 11:50:47,5759687829,+1-209-381-3081x67594,3030,446.23
88,674,2021-11-03 08:15:26,2024-04-05 03:06:37,8293435520,916.874.6490x85815,813,77.36
89,791,2022-08-09 02:53:14,2024-09-24 10:20:26,+1-613-418-2558x9003,(232)580-8924x239,2098,348.52
90,481,2024-03-10 21:51:41,2024-03-03 23:40:38,433-173-6394x707,830-203-0605,2948,297.14
91,25,2021-11-10 04:02:47,2024-05-28 11:19:01,447-912-4714x46793,(313)826-8864x9051,1225,458.36
92,752,2024-02-09 20:31:01,2023-06-04 06:09:25,512-322-8442,001-927-893-9435x61448,3239,263.71
93,159,2022-09-18 06:04:26,2023-01-01 12:46:19,279.906.1275x9955,513-605-1901x9962,3325,414.5
94,763,2024-05-27 16:53:58,2024-01-25 04:49:09,874-220-5791x122,+1-459-854-2903,1059,222.65
95,690,2024-04-26 13:41:01,2022-08-13 02:02:52,001-056-348-3477x89632,001-741-391-8807x43749,2684,397.07
96,428,2023-07-14 05:55:37,2021-11-04 00:22:58,001-238-553-0746x39464,583-064-6466x73804,561,221.91
97,451,2023-07-22 01:00:01,2022-07-29 08:22:31,384.002.3646x991,001-386-941-8279x092,2744,128.45
98,522,2022-02-19 12:57:13,2022-05-06 03:03:37,449.642.3989x335,198.161.1662x269,2293,498.95
99,429,2023-03-09 10:59:34,2023-12-26 22:31:54,001-775-212-8820,(973)634-4783,889,402.13
100,914,2024-06-14 17:34:34,2024-01-18 16:57:42,+1-200-809-7798x85770,(234)254-3986,3236,71.82
101,517,2023-12-30 04:49:43,2023-10-15 20:15:56,(645)254-3014x50192,471.805.0064,816,463.85
102,211,2024-09-12 03:30:25,2022-07-02 06:15:32,001-426-852-4626x7087,761-023-3541x999,1011,478.73
103,113,2024-02-09 14:38:01,2022-10-08 17:44:38,+1-145-466-2353,715-988-1844,2666,260.64
104,593,2021-10-30 23:40:47,2022-03-05 22:53:51,2922569979,797.765.3465x172,1181,463.3
105,76,2024-06-02 20:24:10,2021-10-27 14:03:18,678-611-1582x51881,(158)146-3933x77262,2590,388.52
106,282,2021-10-09 19:30:12,2024-07-30 06:37:38,+1-392-359-3962x900,+1-114-717-3833x07080,2231,292.17
107,347,2024-06-20 13:11:16,2022-07-04 06:50:46,+1-437-310-8908x05459,(428)124-1452x0104,1259,417.41
108,386,2022-04-11 01:02:47,2023-02-28 09:27:03,233.235.4298x604,7383344756,1107,457.69
109,389,2022-09-30 11:04:29,2024-01-21 03:01:04,827.194.4553x489,+1-486-501-0134x45712,1461,340.63
110,536,2024-02-15 09:38:00,2022-08-07 09:26:39,343-798-4571x289,(974)434-0495x680,3401,176.99
111,356,2023-10-25 20:47:52,2023-01-08 07:35:38,(889)819-8571x8641,(384)203-2628x96783,1337,220.34
112,929,2021-10-25 00:38:32,2024-07-08 19:13:28,(967)449-2042x1934,636-397-7373x584,2460,156.2
113,935,2023-06-14 07:05:35,2024-08-26 09:01:04,792-975-2920x4556,311.418.2334x3684,539,164.53
114,236,2022-03-18 02:07:07,2024-03-22 18:15:10,001-583-408-9142,(997)516-1595x81870,1124,336.86
115,977,2023-10-20 14:55:38,2023-09-20 07:48:13,+1-399-253-8061x84442,314-027-7063x298,3168,122.22
116,557,2023-01-22 14:55:59,2021-10-17 15:21:19,0305371190,767-713-7889,1062,103.09
117,459,2023-02-08 09:06:41,2022-01-25 19:24:59,+1-504-635-8947x647,+1-887-262-4625,1933,39.49
118,153,2022-08-07 17:17:14,2022-03-29 16:24:25,3110530526,(709)414-4905x7275,3098,408.75
119,337,2024-09-10 04:23:43,2023-02-01 04:45:35,(666)001-8062x407,237.118.7012,1748,466.01
120,924,2024-05-21 07:43:35,2021-11-11 18:05:26,001-718-683-6696x54276,715-515-1995x6499,3188,438.72
121,655,2022-04-03 00:47:44,2022-03-16 01:11:37,006-481-5876x001,970-427-5602,3455,363.7
122,497,2024-01-19 03:12:08,2023-10-08 13:52:20,787.442.8818x09898,296-036-3338,3211,219.18
123,447,2024-04-22 01:45:25,2022-12-11 00:48:32,123.635.0759,0084590004,1192,356.83
124,213,2022-06-26 23:53:07,2022-01-03 02:59:16,001-157-963-6644x0209,+1-962-860-1763,3423,112.1
125,932,2024-04-01 09:03:15,2024-01-27 05:29:16,(600)970-1298x6782,+1-081-464-9525x58792,3315,281.19
126,899,2024-08-05 17:48:57,2022-07-01 07:54:41,833-016-2551x85191,+1-785-746-1689x049,875,383.63
127,988,2022-02-21 01:27:11,2021-11-02 03:36:12,478.344.8033,001-763-549-1689x087,382,392.72
128,345,2023-06-26 03:36:01,2023-08-14 02:45:47,001-134-680-5753,2520851841,2480,79.94
129,233,2024-07-20 18:09:52,2022-04-01 00:11:44,+1-940-439-2706x02468,+1-851-435-5695x599,894,133.26
130,914,2022-12-05 02:07:16,2024-09-27 02:05:42,(156)301-2984x33200,134-576-2703,3429,136.68
131,789,2022-05-15 02:28:49,2022-01-21 01:59:42,409.025.3559x626,+1-112-986-9117x317,2624,320.62
132,549,2022-05-12 10:10:22,2023-12-27 03:21:43,+1-053-739-4976x21976,001-533-216-4358x61782,1993,213.46
133,299,2022-11-13 11:02:09,2023-05-07 21:09:41,001-484-311-7727x9373,790.823.7423,1329,319.8
134,855,2024-07-02 13:36:24,2022-04-22 09:56:39,657.763.2224,081-482-6160,1311,25.94
135,573,2022-04-29 16:12:08,2023-10-30 21:44:26,(095)662-5865x26028,(320)632-6082,2771,412.31
136,921,2024-09-07 19:27:28,2022-04-03 09:36:30,740.056.9370,816-129-4963x7260,2879,164.96
137,685,2021-11-09 14:09:11,2021-10-29 23:15:07,445-167-6956,001-010-875-8971x00337,3557,174.2
138,967,2024-01-18 05:00:05,2023-10-25 19:10:25,(628)280-7822,001-631-791-2962x70847,1647,378.59
139,108,2024-04-10 22:57:17,2023-12-04 12:35:54,001-153-913-1492x43260,646-117-7890x5953,3157,99.15
140,385,2023-04-17 21:08:12,2024-07-22 13:12:34,(970)331-6104x6393,(586)533-7395x8753,2652,171.17
141,751,2023-07-05 07:33:00,2022-08-16 07:55:15,001-939-780-4507x2417,5960895574,2032,305.14
142,795,2024-06-06 17:38:40,2023-08-03 08:59:27,+1-998-768-0327,170.828.0961,1174,95.16
143,674,2024-01-29 21:33:20,2021-10-24 12:40:12,(482)908-9797,378.497.5451x0609,758,232.72
144,465,2023-07-28 03:06:11,2023-05-22 11:34:00,+1-849-076-4016,988-920-8028x13725,1150,55.93
145,749,2024-01-29 11:48:20,2024-06-19 15:00:30,+1-514-562-5320,(776)098-9197,2736,374.68
146,459,2023-04-15 06:24:09,2022-10-14 19:25:09,001-321-724-4340x13732,001-018-389-7675x2978,2711,444.12
147,269,2023-06-11 18:22:04,2022-03-31 20:47:00,151.748.7183x15767,001-356-934-7442x2992,3517,71.69
148,475,2022-02-15 06:38:47,2022-11-12 18:42:12,703-151-0583,1647766721,2493,206.14
149,671,2022-09-20 14:31:21,2024-08-23 22:55:15,001-411-155-6421x057,162-213-3761x831,3525,321.47
150,507,2023-11-10 12:03:09,2022-03-04 07:41:28,728.282.0099x39042,(662)822-0535x335,1250,430.04
151,645,2024-01-11 13:06:34,2023-02-24 23:59:51,9613409918,262-663-8145x936,2131,376.71
152,72,2022-05-03 01:37:02,2023-03-07 12:34:28,475.895.0874,+1-274-981-5001,1201,153.03
153,526,2024-06-28 20:04:51,2022-06-07 03:26:15,(710)309-9055x5981,7876634070,1366,201.27
154,691,2023-04-18 00:51:28,2024-05-16 05:40:12,896.377.6577x4673,+1-112-468-5735,568,298.17
155,13,2022-06-08 14:47:01,2022-04-25 19:24:39,153-536-4246x1315,042.997.2101x479,2951,474
156,789,2022-12-30 18:29:01,2023-09-29 15:12:26,651-586-6183,001-123-854-0075x0587,2836,59.67
157,299,2022-08-11 03:53:01,2022-12-18 02:45:33,192-968-2871,738-168-1977x42982,571,206.99
158,159,2021-12-10 06:08:51,2022-01-28 09:16:04,+1-595-934-3602x486,(935)091-0068x28673,1973,48.57
159,50,2023-02-28 11:27:25,2022-06-02 00:31:15,303.029.6813,001-399-356-2251,900,312.2
160,947,2022-10-06 03:45:20,2022-06-12 00:29:05,620.327.2218,001-924-354-3224,2740,33.62
161,883,2024-06-18 23:02:17,2022-12-02 06:39:38,923.356.3753x6799,4063455832,2566,389.15
162,25,2022-05-01 12:08:06,2022-09-30 14:59:45,442-241-1573x74175,114.357.1296,2911,248.25
163,797,2023-01-24 03:54:27,2021-12-07 17:50:31,0700400133,342.294.5109,1701,316.41
164,714,2023-11-14 03:00:32,2023-11-08 07:55:58,(444)051-5241,(115)086-3470x03408,2169,491.7
165,226,2023-02-15 05:09:35,2023-11-07 00:57:50,149-116-3957,836-923-4709x0898,3513,337.14
166,406,2023-08-17 18:03:11,2022-01-23 08:57:18,305-177-7032x0821,001-679-431-4563,588,422.83
167,1,2024-08-18 02:07:41,2023-09-05 03:11:15,(802)843-3646,+1-287-488-4387x379,1335,457.04
168,687,2021-11-20 12:40:11,2024-03-15 05:13:05,(169)830-3364,023.865.1290,1554,324.51
169,956,2024-07-30 05:56:16,2023-01-09 00:26:41,(328)806-5386,+1-241-676-1692x322,1635,231.14
170,732,2023-03-23 17:00:32,2022-05-29 02:01:45,757-828-3753x3053,551.324.9664x98742,3510,362.68
171,748,2024-02-17 02:54:39,2023-06-27 09:12:43,3908617789,322-638-1899x929,65,47.19
172,792,2023-05-05 19:47:15,2021-11-04 07:37:58,+1-112-461-9875x3527,(597)120-8811,2738,230.27
173,338,2022-08-28 02:48:33,2022-11-12 20:25:47,210.985.9149,4943821805,2325,330.68
174,895,2022-09-26 18:00:35,2022-09-29 07:17:09,820.124.6710,(111)118-2933x977,1474,232.61
175,359,2023-11-22 19:01:17,2023-10-26 04:25:13,+1-733-914-5934x17063,963.651.3597x613,2924,223.2
176,712,2022-01-14 09:09:32,2022-04-28 16:35:58,6249881013,(258)886-4369,2983,498.96
177,444,2021-11-25 07:52:32,2021-10-24 16:08:34,001-564-238-9420x86731,0633949383,3149,440.63
178,584,2022-03-13 10:08:26,2024-06-12 15:13:32,001-129-772-2951x4647,222-352-1452x522,1282,428.98
179,111,2024-08-08 06:31:09,2023-09-25 19:38:12,775.456.0502x18640,001-722-256-1093x9760,1433,328.57
180,999,2023-07-17 07:53:24,2023-11-24 10:05:11,001-403-913-5617,906-434-0526x24722,2436,348.82
181,566,2022-03-22 09:18:24,2022-05-02 15:06:37,001-164-603-3509x6597,001-921-717-9346x66232,64,332.55
182,583,2022-04-17 23:42:50,2023-08-05 15:44:19,715-990-1324x24800,171.518.4875,403,469.44
183,425,2022-07-04 15:18:26,2021-12-20 11:05:41,426.914.3906x2068,+1-429-174-9667x4243,361,49.22
184,911,2022-10-14 03:23:55,2022-11-04 07:35:41,564.376.0287x49234,(988)994-2134x818,1160,72.76
185,173,2023-04-21 08:23:43,2023-03-21 10:00:53,(629)003-9374,5074858578,2969,422.54
186,534,2022-09-24 10:23:16,2023-01-01 19:00:58,(142)157-3226,2844867042,1953,28.19
187,833,2022-02-20 16:53:57,2021-10-28 07:38:53,873.062.3423x065,8050548676,3533,251.97
188,233,2024-03-17 23:55:55,2023-07-08 04:04:55,001-137-721-8093x73608,582.940.6682x6760,864,217.28
189,467,2024-06-12 04:39:41,2024-03-16 15:04:01,086.010.8979x42377,(737)544-0735,1274,216.96
190,415,2022-03-01 14:15:03,2024-01-05 15:01:06,(863)271-3939x0742,756.728.7687,1667,340.88
191,64,2023-10-25 04:48:52,2022-08-17 00:08:34,825-318-2221,001-624-637-2817x5781,1880,338.5
192,339,2024-05-18 05:21:45,2022-12-18 08:40:59,001-004-776-5912x982,001-637-932-1663x61776,1392,431.53
193,432,2024-07-21 16:05:32,2024-05-06 22:27:27,+1-384-350-1888,141-223-2526,2014,482.51
194,998,2022-10-04 07:58:22,2023-12-14 10:14:35,(782)288-6941x8010,(596)298-6547,1218,201.38
195,191,2023-09-08 19:29:25,2024-08-21 04:18:25,+1-612-800-5604x650,001-935-145-8337,2369,54.25
196,113,2023-10-10 20:52:43,2023-07-31 21:55:07,167-031-1385,+1-213-253-6065,3464,41.98
197,314,2024-06-06 08:01:20,2024-07-15 19:34:02,+1-695-427-1306,1517968876,585,160.91
198,853,2023-11-27 00:12:06,2024-04-21 19:30:20,+1-917-553-8314x860,796-175-8628,960,453.43
199,395,2022-03-05 23:09:06,2022-01-16 03:58:34,1767243899,(293)273-9237x71978,2773,112.8
200,470,2024-09-12 10:08:16,2023-04-20 07:43:42,631.254.1510,(807)000-5688x92368,2929,200.82
201,48,2024-01-14 12:50:34,2023-04-09 02:02:44,4280087561,+1-033-764-3803x228,1512,440.48
202,336,2022-04-09 20:51:27,2022-07-11 08:21:10,6883509097,001-904-979-3232,912,451.88
203,152,2023-10-21 12:42:55,2024-08-21 05:33:05,464-592-5935x4911,+1-094-599-2278x8237,282,207.53
204,23,2023-10-03 23:30:37,2021-12-20 04:52:21,(249)279-5006,(957)514-6238x570,2881,432
205,626,2023-07-09 06:29:24,2022-10-14 02:02:32,629.185.3456x574,2831013588,2209,367.29
206,6,2023-05-13 20:58:31,2021-12-22 03:06:12,218.240.1497,314-047-2314x22423,2606,297.73
207,81,2022-01-11 16:35:02,2022-07-26 20:55:28,249.337.3271,(616)279-6666x081,349,177.17
208,811,2024-07-08 17:21:37,2023-11-22 16:22:13,138.416.7308,+1-085-520-1679x1223,1954,45.9
209,869,2024-08-07 00:39:38,2022-01-25 08:20:59,741.651.4294x992,001-940-846-4610x778,346,262.6
210,310,2024-03-20 18:54:37,2023-11-07 13:51:02,532.252.9517,5545596653,922,196.2
211,595,2022-08-31 12:36:29,2024-04-12 13:46:40,843-904-0870,469.268.3579x25760,696,373.84
212,289,2023-12-01 00:41:06,2024-06-18 15:49:13,083.287.3993x22270,9752844946,2648,259.38
213,431,2023-04-15 01:04:22,2022-03-07 15:19:02,(477)338-1026x597,(453)657-3710x830,3203,214.72
214,639,2024-07-24 14:01:05,2023-02-02 06:46:48,001-517-388-0370x1358,+1-358-681-4228x593,199,355.95
215,850,2022-01-24 13:21:22,2022-02-23 07:01:50,122-537-9524x873,161.374.1588x9429,1414,457.86
216,181,2021-12-19 09:30:18,2024-09-27 09:40:31,4034081904,695-992-4850x5100,3014,323.3
217,719,2022-09-01 11:49:43,2024-03-15 07:30:25,365-883-7537,(206)590-1449x7759,2792,484.81
218,443,2022-09-12 21:17:16,2024-05-05 06:33:11,001-663-425-0502x81919,007.595.0360x36458,2396,283.57
219,406,2022-07-05 10:42:13,2024-07-29 11:25:56,0450844191,9257219215,1837,277.59
220,729,2021-11-06 23:47:50,2022-08-19 08:48:51,(403)028-4086x196,001-850-010-8857x0001,1127,173.05
221,309,2024-02-18 03:40:00,2022-09-19 09:12:44,(603)563-8573x6857,559-044-0305x8848,1615,208.71
222,235,2022-06-01 00:15:28,2024-04-04 23:55:45,027.998.2715x1056,001-989-431-1072x570,2860,116.35
223,720,2023-10-03 16:28:23,2024-08-25 13:13:08,(639)625-5044,001-368-434-1290x2805,2620,364.05
224,771,2024-05-22 16:06:09,2024-09-17 14:57:20,+1-982-304-2365,7868778645,2233,145.18
225,388,2024-04-02 05:02:32,2022-12-09 00:38:13,001-561-644-5341x12755,019-736-6214x079,3070,399.87
226,77,2024-01-24 15:42:26,2023-12-16 00:46:01,191-606-7761x68488,851-555-9284x910,2380,26.43
227,253,2021-10-30 13:33:36,2023-07-16 20:04:23,323-760-3011x5496,+1-427-830-3064,2149,235.25
228,313,2023-07-01 22:03:48,2024-07-24 14:55:50,+1-578-700-4510x5216,001-444-097-8550x37516,2119,423.98
229,288,2022-07-05 15:21:30,2021-10-19 16:47:10,108.086.3794x07435,001-057-836-0078,2497,443.87
230,589,2023-01-30 20:15:03,2022-10-11 07:51:56,(276)432-2369x385,1169803063,2130,245.47
231,866,2022-06-25 13:14:08,2022-03-14 07:10:19,654-038-7899x405,935.073.4294,675,272.15
232,438,2022-10-03 09:30:54,2021-10-26 22:47:44,+1-881-807-6008,944.897.5639x14861,964,412.74
233,455,2024-03-14 18:06:57,2022-05-30 10:11:41,(241)883-9580,+1-067-426-8141x26335,690,473.51
234,705,2023-06-28 21:20:59,2024-03-27 22:37:26,+1-485-912-2650x3403,821-314-5699x766,587,337.28
235,2,2022-02-04 17:58:24,2023-04-03 10:00:26,083-484-3686,+1-192-460-9714x74178,3348,428.55
236,792,2023-11-22 22:37:22,2023-01-01 02:05:24,062-324-4418x9520,001-310-596-4196x78414,3076,19.72
237,543,2023-09-12 22:23:06,2021-10-26 01:00:29,962-463-0513,681-010-4902,875,147.2
238,495,2022-12-12 17:14:01,2023-12-16 10:58:21,864-387-0675,4242675780,920,358.89
239,330,2023-05-08 23:54:31,2024-09-17 07:04:02,+1-699-189-4867x82061,(948)113-9586,2474,412.5
240,6,2023-12-05 18:22:36,2021-10-14 08:44:57,001-708-498-9350x12424,(245)285-0006x5641,2868,30.72
241,443,2022-05-03 10:34:29,2023-07-18 18:50:08,864.885.8125,673-662-6542,487,443.54
242,351,2022-09-11 12:39:28,2024-01-04 00:31:44,001-849-259-8135,794.438.2368x8310,1833,114.88
243,585,2023-04-24 18:59:16,2023-08-04 01:34:41,(186)485-1814,001-977-858-1059,944,440.94
244,165,2024-02-29 16:14:58,2024-02-02 23:04:23,294-620-8276x15549,(598)017-7727x26099,3502,443.28
245,568,2023-06-12 05:07:28,2022-03-23 07:23:21,001-665-253-3706x885,+1-013-480-3589x0576,579,328.97
246,144,2023-06-26 04:04:23,2022-12-18 00:33:28,364-501-1066x1028,001-444-937-2097x913,862,235.78
247,877,2023-04-21 15:06:17,2023-05-02 19:13:46,(168)405-8916,537-741-3298,870,235.21
248,954,2021-12-01 03:23:45,2024-01-23 19:36:43,001-638-665-8444x606,(968)910-2047x516,1988,422.15
249,696,2022-12-23 06:15:40,2022-06-17 00:43:17,595-902-0905,(452)227-9463x03580,3473,296.61
250,441,2022-03-27 09:44:44,2023-05-02 02:22:32,001-564-468-7048x76981,+1-351-317-4333x07973,2124,454.89
251,670,2023-02-21 05:21:59,2024-01-10 21:56:24,(734)396-6138x5292,984.283.1836x388,3380,479.36
252,673,2022-07-15 22:36:38,2024-05-16 16:40:34,(589)752-2530,343.432.6361x60157,1893,498.1
253,504,2022-10-03 06:13:03,2021-10-11 04:58:38,692-634-5375,(260)529-1819x15274,706,206.55
254,953,2023-11-03 21:11:50,2022-02-01 18:12:49,627.273.0896x984,(275)174-0597x145,397,125.29
255,14,2022-06-17 01:20:13,2024-04-14 09:13:21,+1-787-783-0938x179,(045)859-6424x11226,1314,452.95
256,619,2023-01-27 13:59:41,2023-11-26 23:52:16,0234900873,(014)242-3707x9019,2755,256.13
257,549,2023-11-22 07:59:43,2024-05-17 10:45:08,(778)157-8218x555,+1-918-025-0402x755,1256,204.77
258,322,2022-08-13 08:39:27,2024-06-20 20:12:31,001-099-720-2725,001-002-219-5460x66042,875,90.58
259,178,2024-06-11 06:02:57,2022-01-04 12:33:51,2868832952,306.604.2700x493,1487,149.94
260,640,2022-03-03 10:26:54,2022-05-18 15:31:42,001-005-962-6805x550,1902232905,2525,110.46
261,625,2022-11-19 05:06:02,2022-09-11 03:31:17,(746)964-5398x6052,001-928-555-5041x18078,1028,203.53
262,834,2023-01-20 19:54:24,2021-12-21 00:08:09,(525)689-6851,001-639-316-2178,3325,211.3
263,373,2022-07-30 21:33:31,2022-08-24 15:09:26,001-918-732-3575,387.383.3878,1854,12.42
264,948,2024-09-10 02:15:12,2023-01-31 11:49:56,9458682626,358-132-2810x0900,1168,471.85
265,30,2023-05-17 07:57:03,2022-09-30 21:36:53,+1-490-510-2926,+1-872-496-6522x79089,3108,392.66
266,902,2023-07-17 04:19:12,2024-03-13 02:14:29,088-946-9032,487-630-1705x8768,1136,43.85
267,994,2024-08-06 19:08:07,2023-10-30 05:32:19,251.703.3930x443,(276)809-2005x17811,2618,79.51
268,44,2022-03-08 02:28:21,2021-11-15 01:41:18,001-746-111-2370x20833,766.276.9737x8594,3166,179.97
269,774,2024-02-06 22:49:10,2023-08-26 12:37:16,(102)765-8743x191,032.746.8752x82411,1665,15.35
270,671,2024-05-26 14:21:22,2023-08-14 05:30:27,244.976.8161x030,329-764-5220x750,326,52.77
271,153,2021-12-07 23:36:19,2023-08-24 06:28:32,001-444-440-8154x58791,066-962-2700x253,709,452.39
272,154,2023-03-29 02:58:42,2024-08-22 00:53:43,+1-981-224-4569x048,200-433-2247x109,3150,476.3
273,941,2024-04-27 17:22:32,2022-03-23 19:25:26,3642921288,001-163-125-9888,1627,358.38
274,919,2022-12-16 16:12:33,2023-11-05 06:13:09,6922770102,+1-597-564-4939x810,3534,157.27
275,706,2024-04-09 16:59:54,2024-05-11 04:51:43,001-844-090-0270x95605,+1-091-358-2472x206,2648,457.29
276,200,2022-09-15 02:12:11,2022-11-05 17:23:49,001-662-182-7097x47504,001-624-705-8517x65135,882,406.74
277,171,2022-12-01 19:33:47,2021-10-17 11:57:51,+1-062-114-0034x411,251-610-1303,2702,320.75
278,335,2023-10-21 13:07:10,2024-09-20 06:25:52,783-718-1634,2270904921,355,187.85
279,165,2022-08-23 08:14:12,2022-04-15 17:18:06,588-283-8799,+1-487-840-7031x115,2783,412.42
280,296,2023-07-05 09:49:38,2022-05-06 13:13:47,001-161-223-6921,001-869-023-3910x4060,3494,232.49
281,684,2024-02-03 15:58:48,2022-12-09 22:54:21,767.838.7859x344,(582)533-7221,1941,372.77
282,57,2023-05-03 20:02:12,2024-02-09 05:12:06,(768)118-0982,+1-852-571-8638x8657,2395,395.98
283,650,2022-08-18 09:51:33,2022-01-20 08:02:41,+1-190-332-6898,001-375-181-0091x0972,2133,225.49
284,143,2022-12-16 01:02:23,2021-11-20 14:37:09,983-927-3799,404-789-3986x1450,411,353.61
285,826,2023-01-24 14:34:59,2024-05-25 19:51:43,007-888-1283,+1-231-260-5212x041,1959,125.81
286,274,2023-05-05 13:43:46,2023-07-14 20:03:24,+1-571-377-5801x991,412-715-9774,1729,211.56
287,206,2022-05-21 20:04:52,2022-03-18 19:24:59,001-486-493-0180,001-791-205-7968x3032,463,392.12
288,11,2023-02-20 21:14:21,2022-11-18 08:52:49,(760)623-0516,215-023-2531x82947,1391,83.43
289,145,2022-09-23 09:30:52,2023-10-29 05:32:24,242.378.9842x4707,+1-850-272-3978x496,1647,361.14
290,246,2023-10-06 09:23:44,2023-10-24 17:40:16,504.308.2680,3763845574,2883,423.85
291,13,2023-11-09 05:55:36,2023-06-22 00:57:29,600.689.5330x099,+1-041-158-6962x246,2348,400.03
292,305,2024-02-07 03:11:48,2023-11-12 23:19:51,001-340-583-1062x98438,+1-094-960-5200x097,1581,337.2
293,111,2022-05-09 04:09:34,2023-07-06 14:15:36,402-308-2498,+1-889-908-0807x57419,3285,231.58
294,572,2023-05-15 23:05:04,2022-12-18 15:00:26,267.026.9786,644.844.8570x2871,2148,58.55
295,594,2023-01-24 17:19:43,2023-11-03 18:04:41,087.110.1139,9563786569,2643,181.11
296,911,2024-02-03 07:23:49,2022-10-05 01:49:07,+1-100-828-2707,(138)180-5026x90228,2117,15.33
297,474,2021-11-24 18:40:56,2022-08-09 21:40:25,344-009-5781,(958)581-1125,397,190.5
298,329,2024-07-14 13:47:20,2023-08-25 06:50:12,542.126.9274,(399)195-0446x370,1926,44.26
299,388,2023-04-30 20:27:47,2023-02-14 12:56:36,826.968.2617,+1-709-761-1571x753,658,185.57
300,943,2024-06-01 00:01:57,2022-10-01 19:09:06,564.922.1099x937,(343)336-5787x6349,1838,366.38
301,429,2024-03-30 03:37:56,2024-02-20 22:09:06,5972117206,479.902.5665,106,431.23
302,642,2024-03-24 19:11:19,2023-12-21 20:18:17,001-926-986-3156x82932,213-711-0909,372,13.41
303,600,2023-01-03 05:54:48,2023-10-21 15:39:01,147-477-5075x08700,300.729.1863x0823,108,224.06
304,233,2023-12-11 20:06:30,2022-07-15 09:06:12,(624)966-3972x3819,(970)168-4286x1539,1339,206.86
305,208,2022-09-26 05:12:28,2024-01-06 01:13:36,(258)255-9774,896.642.3255,2105,205.86
306,352,2022-09-29 10:11:34,2023-07-21 14:52:43,(063)398-5080,454.330.2586,1263,398.9
307,245,2024-01-18 17:21:28,2024-07-11 05:18:30,(971)381-5533x17067,9118029119,3253,380.87
308,681,2021-12-14 18:23:38,2023-10-05 02:24:29,645-231-6289x7442,953.629.4872x19638,1006,378.15
309,291,2022-11-06 08:33:07,2024-06-12 19:46:26,+1-197-898-1183x6075,460.997.2632,297,459.58
310,843,2024-09-15 07:08:07,2023-06-16 07:46:15,338-524-0739x617,866.632.0912x07488,3023,89.23
311,661,2023-08-12 00:22:02,2024-05-16 06:17:03,+1-513-554-5060x28117,794-137-2925x29509,317,146.49
312,43,2024-06-11 07:54:36,2022-07-15 01:48:45,451-264-8002x72790,749-662-0040,259,373.03
313,966,2023-05-22 05:36:02,2024-01-02 08:36:48,+1-435-433-5070,766-291-6084x24018,2908,161.38
314,748,2023-10-01 00:08:46,2024-01-03 02:01:53,(560)557-0799,(672)883-8785x195,1980,475.83
315,229,2022-01-04 19:01:07,2023-05-22 09:06:06,+1-633-380-9819x472,(726)363-3407,547,89.86
316,886,2023-08-08 01:04:20,2023-11-01 10:28:24,6532812924,+1-711-359-2541x874,2705,393.06
317,140,2024-02-17 11:42:54,2024-05-28 05:45:23,595.866.8106,(148)857-2094,247,374.91
318,739,2024-04-03 23:04:08,2024-09-02 21:18:04,+1-430-896-2238x5563,(985)772-9184x70238,2426,285.36
319,729,2023-03-15 09:02:15,2024-01-30 15:03:30,556-342-1308x8711,(151)884-0362x5917,2326,93.38
320,165,2023-02-22 07:12:15,2022-11-06 00:35:13,+1-658-580-0146x32060,001-236-857-2603x740,756,199.61
321,413,2023-01-19 12:59:14,2023-11-27 06:18:05,(380)915-8071x92642,588.027.8043x558,1579,379.48
322,22,2024-07-29 05:57:18,2021-10-05 13:07:11,+1-419-554-3731x0333,9465287587,131,369.17
323,322,2021-10-28 11:12:05,2022-07-11 04:47:40,+1-813-473-2818x761,(311)216-0408x5514,320,371.56
324,607,2023-05-07 12:04:59,2022-08-22 13:37:13,9168632271,0724827914,1375,388.88
325,639,2022-07-25 12:28:01,2023-04-17 03:29:57,054.893.5080x2100,001-052-242-3068x2602,2856,174.08
326,935,2024-01-01 03:30:53,2024-03-07 09:52:59,001-309-709-1897,001-721-809-3964x708,1403,169.12
327,490,2022-10-27 10:10:28,2023-07-08 14:51:21,651.019.9086,713-635-5686x02001,1616,345.02
328,923,2024-06-14 01:13:47,2022-09-28 20:54:52,572-476-3143x494,595-438-8621x884,1185,134.46
329,100,2023-06-30 06:12:46,2022-08-08 13:52:18,001-182-423-8172x388,351.489.3367,1644,110.94
330,205,2024-06-25 19:13:25,2024-04-24 03:33:38,+1-045-987-1070x408,918-447-5311,1373,441.07
331,235,2022-10-23 16:03:01,2022-12-01 12:57:21,167.448.6410x361,+1-203-658-9072x155,1889,261.39
332,502,2024-09-22 19:15:11,2022-05-06 12:12:48,001-111-425-6411x16703,158-863-7488x681,1590,449.48
333,642,2023-10-04 16:50:58,2023-08-19 14:43:46,3758421048,+1-556-518-6635x555,2207,220.24
334,31,2023-05-18 10:16:20,2023-06-20 11:43:14,(142)294-1509,780-346-9447x55531,456,314.17
335,838,2023-05-02 11:35:32,2023-02-19 11:21:08,(867)517-7421,001-950-309-7961x704,2560,303.19
336,677,2022-07-01 07:30:02,2023-05-19 09:14:50,000-237-7456,618.835.4307x38288,250,70.89
337,762,2022-03-08 10:57:02,2021-10-30 18:40:04,842-558-6406x544,+1-751-879-9857,2942,474.73
338,44,2023-02-10 13:49:08,2023-05-09 14:06:38,308.392.2750,788-446-9178x592,229,499.87
339,556,2021-10-24 07:10:40,2023-06-12 00:48:31,1441837607,001-228-416-7064,1448,352.77
340,947,2021-12-22 12:45:42,2023-02-13 13:12:38,(676)980-0482,5761318895,959,117.63
341,227,2022-03-31 09:34:46,2023-04-16 04:42:41,001-186-677-6570,793.906.3658x747,2941,13.96
342,221,2022-09-23 07:15:51,2023-05-26 16:08:37,005-023-9013,222-640-7211,2482,282.88
343,481,2023-11-13 06:40:32,2022-05-07 04:50:48,(260)435-7809x512,(099)887-1171,438,324.66
344,556,2024-08-03 20:53:08,2024-06-08 03:24:55,001-885-356-4713,(745)650-8024x966,3267,362.48
345,575,2022-09-08 13:52:52,2022-05-22 22:09:03,5887446815,371.105.1505x60083,3228,471.6
346,428,2023-06-19 03:26:30,2024-06-01 02:40:06,+1-232-318-0028x4626,+1-477-125-8427x292,1649,216.84
347,344,2022-03-25 09:08:26,2022-12-11 06:03:01,997-569-1096,001-195-793-1485x667,1805,307.75
348,392,2021-10-07 18:26:12,2022-09-19 16:57:06,119-369-1918x43187,9347849266,1121,348.48
349,618,2023-07-26 05:03:11,2023-08-20 04:13:21,1493241679,+1-525-627-4239x679,369,349.42
350,286,2024-09-01 03:13:41,2022-11-27 03:16:46,112.222.3402x636,(963)145-2629,1872,283.07
351,821,2024-08-05 21:52:58,2022-09-29 11:18:11,529.296.0019x5218,001-347-010-9580x4857,3182,136.95
352,206,2022-03-30 19:12:32,2024-04-24 09:31:19,001-631-446-9490x66869,(913)689-8221,3190,466.67
353,637,2022-02-28 15:06:08,2021-10-17 10:15:23,2793663183,786-546-0686x2799,1359,306.83
354,359,2023-11-05 21:36:55,2023-07-03 20:35:02,510-083-2616x636,9134826556,1197,355.01
355,389,2022-03-24 08:21:19,2022-12-03 16:22:07,5148283498,(889)071-0657x92330,823,225.6
356,613,2022-09-27 01:22:25,2024-06-10 08:22:45,209-406-0313x05297,908.957.8200x20235,620,133.77
357,278,2022-01-17 14:33:34,2024-01-01 22:16:01,+1-600-467-3998x07234,142-837-2550,2026,59.22
358,420,2022-11-11 13:15:45,2024-04-19 19:39:19,+1-535-970-4664x7085,252-410-9647,622,285.19
359,204,2024-01-22 11:58:50,2023-12-01 04:34:54,(528)562-0708,629.349.0212x371,1541,443.98
360,253,2021-11-02 16:43:33,2022-05-05 03:43:02,(477)840-7036x31189,782-672-4977x8229,1035,180.57
361,534,2023-04-08 15:56:34,2022-02-08 14:13:44,183.627.6118,+1-554-775-4248x0606,453,97.94
362,24,2023-01-11 04:02:14,2024-06-11 01:25:42,+1-354-324-4160x632,629.900.4419x00115,3582,114.25
363,1000,2023-11-13 07:06:31,2023-09-07 21:36:37,+1-038-907-2039x00290,(952)084-0179,1261,46.18
364,696,2022-08-15 19:32:17,2024-09-28 18:05:15,001-593-220-3235x085,581.082.1090,453,69.9
365,668,2022-09-30 16:55:33,2023-05-07 16:41:09,305.084.3255x4887,001-005-459-9692x22127,950,494.79
366,180,2022-08-31 02:00:10,2023-02-16 11:17:17,1559439652,158.032.7376x4954,3439,335.2
367,547,2021-12-12 08:51:51,2023-11-07 11:28:44,900-532-0105,+1-920-356-2520x41522,2223,116.82
368,991,2022-12-20 13:05:49,2023-08-28 03:23:21,(755)020-5925x413,954.492.7572,3416,177.84
369,91,2022-12-04 20:56:12,2021-10-16 08:29:54,740-622-0171x250,713-852-6212x14435,2128,466.09
370,501,2021-10-21 14:17:08,2023-06-20 04:43:16,425-232-3678,(016)081-9367x8286,512,210.53
371,539,2021-10-05 07:12:47,2022-05-19 15:10:53,232.971.3425,(591)598-9514x7476,478,13.06
372,358,2024-03-20 14:17:12,2022-11-02 12:59:06,(553)929-3133,315-400-8116,1053,307.23
373,693,2024-01-27 13:25:17,2024-07-25 05:38:50,+1-045-511-7704,001-193-039-5210x9619,1875,139.57
374,220,2023-01-01 03:58:56,2023-03-21 12:25:19,726-547-6099x5814,208-452-3760x38601,3165,341.4
375,256,2022-03-31 12:38:04,2023-03-17 18:02:17,001-280-893-6747x167,612.557.2431x29459,2199,459.98
376,248,2023-07-11 17:50:32,2024-01-20 10:58:26,001-918-708-6516x376,065.347.9228x225,2920,80.34
377,942,2022-01-03 23:43:48,2023-08-14 03:26:41,416.997.2039x89159,764-522-0202x36782,3187,124.02
378,443,2021-10-10 05:57:06,2024-09-13 22:22:51,(123)279-6109x23737,6238421939,2303,305.01
379,346,2023-05-10 03:15:06,2022-06-07 17:22:29,+1-329-613-5667x34709,+1-839-577-8218x656,547,297.67
380,950,2023-05-31 10:11:44,2024-03-11 07:33:57,+1-743-624-9869,001-372-719-7748x181,357,107.94
381,346,2022-11-08 06:52:05,2024-02-07 02:26:55,(295)300-7019x5162,819.522.6478,674,232.77
382,237,2022-05-17 09:45:57,2023-01-23 08:32:40,001-164-909-0146,919.084.8419x7786,237,254.52
383,946,2022-05-06 15:49:22,2022-08-03 19:41:49,001-131-451-4540x936,2099693949,418,303.2
384,941,2021-12-21 12:51:23,2023-04-10 23:18:45,(132)027-2729,+1-160-582-7038,2310,69.43
385,275,2023-06-14 00:22:50,2022-04-25 11:41:35,+1-788-676-6802x206,+1-666-997-2134x735,924,50.95
386,349,2023-07-14 17:29:38,2023-01-07 09:31:27,756-809-2835x90490,107-040-3786,2685,444.81
387,400,2022-11-04 00:08:34,2024-04-06 09:50:11,001-726-397-9377x225,001-508-121-0345,715,221.96
388,864,2022-07-20 01:03:37,2024-01-20 20:26:40,679-692-3887x8505,(177)388-5187x7177,2759,31.03
389,944,2021-12-31 06:28:04,2022-01-29 00:05:08,503-019-5675x29427,606-466-2777x2774,1790,314.05
390,776,2023-09-15 17:40:39,2022-05-02 20:03:42,113-304-4558x6336,007.381.4771,3568,144.79
391,395,2023-04-07 01:26:26,2022-05-11 13:00:43,001-023-245-1401x034,056-103-5417x90834,480,155.36
392,313,2022-05-10 17:17:41,2022-08-22 17:29:57,811-656-1675x18488,(399)551-9830x086,2985,91.62
393,781,2022-05-06 09:13:34,2021-11-26 20:23:47,8930139755,001-022-042-9449x5576,2102,26.28
394,753,2022-10-28 06:13:51,2022-05-16 03:37:44,(167)062-4537,001-272-374-9390x644,148,481.15
395,570,2022-06-09 08:53:00,2023-12-30 07:41:39,364.298.7607,001-022-751-8427x312,853,247.89
396,280,2024-08-16 12:58:06,2024-03-08 02:10:21,130.399.9804,321.339.5471x84016,1077,263.13
397,97,2022-12-01 10:16:51,2023-12-25 20:46:52,449.843.6465x1101,001-978-769-6339x17624,2383,443.85
398,673,2021-12-04 00:47:03,2023-11-09 00:47:23,001-254-611-1443x103,+1-042-231-6523x3330,1073,26.09
399,674,2022-07-15 23:10:10,2023-06-20 23:48:55,(888)078-8942x95234,001-329-474-9245x6091,679,226.85
400,828,2024-02-17 10:44:02,2023-08-15 03:31:16,+1-739-976-3245x68662,107.330.2202,3359,32.07
401,266,2023-07-27 11:45:27,2023-05-08 23:50:47,(008)875-7395,5415087703,2073,121.13
402,489,2024-01-18 08:35:17,2022-12-26 01:10:02,279.015.4900,745.605.3604,2572,48.07
403,5,2023-02-26 05:39:34,2024-01-17 10:06:57,(089)073-3409,+1-056-964-3158x5884,1346,282.84
404,959,2023-08-27 07:26:53,2022-11-22 16:34:18,001-137-027-0977x6049,978-679-3636x3514,1216,340.82
405,247,2023-07-05 16:03:58,2023-02-16 06:23:03,+1-027-329-7116x97781,(898)647-8069x013,3310,260.07
406,18,2023-10-03 23:07:52,2024-05-02 21:04:47,001-591-077-2897x7498,001-613-912-1090,2569,102.5
407,432,2024-09-01 19:22:40,2024-01-16 17:03:20,(245)491-8529x6777,+1-277-552-3857,2627,358.03
408,765,2022-01-31 07:44:15,2024-02-07 17:53:25,(348)040-3318x3048,+1-326-861-3332x1240,1618,359.43
409,572,2022-02-04 20:48:35,2023-10-12 11:00:12,(051)024-3183,+1-434-543-9587x907,1454,69.87
410,651,2021-12-30 05:21:48,2022-08-03 17:04:37,001-863-348-2568,+1-944-408-1556x2916,2788,471.19
411,112,2022-11-06 02:24:49,2023-08-02 22:01:58,001-586-397-9882x563,765.638.7758x97488,1126,461.71
412,419,2022-02-18 06:43:21,2022-09-17 19:38:11,(611)692-7662x6905,698.897.8873x12122,756,24.83
413,379,2023-11-08 22:49:44,2023-02-14 13:56:36,790-397-7076x20044,+1-947-489-6500x39781,2145,46.59
414,25,2023-08-27 23:36:33,2024-02-17 12:14:06,4848036769,204-037-8726x9265,2783,318.19
415,990,2023-07-24 01:07:40,2024-03-15 05:38:38,(213)432-5023,714-547-9098x3624,1475,443.78
416,998,2022-07-23 21:49:49,2022-07-17 05:42:18,+1-954-932-7304x04032,001-366-579-9172,2041,498.72
417,530,2022-04-08 00:13:01,2024-05-26 04:50:38,(257)666-6393x6184,837.721.0708x6011,824,381.26
418,161,2022-01-17 08:11:44,2023-01-14 11:36:02,280-328-4490x415,557.858.1161,286,143.39
419,377,2022-12-23 10:43:48,2022-09-01 20:48:40,608.126.2740x21699,001-443-190-1550x6443,125,314.25
420,823,2022-09-29 13:09:29,2023-03-14 11:56:11,2909012260,+1-996-966-2685x3069,879,75.4
421,152,2023-04-21 11:59:02,2023-09-18 08:51:55,336-696-3206x6546,(352)064-2201x96377,3328,304.52
422,430,2024-08-14 04:21:27,2022-10-27 01:06:02,+1-421-930-8061x08297,001-946-859-9139x263,793,492.77
423,303,2022-08-03 18:56:42,2023-06-02 16:31:41,001-833-205-8131x2295,341-212-7648x3395,1784,163.9
424,333,2023-11-08 05:30:26,2022-01-04 05:53:15,+1-945-821-5707x711,(136)307-9801,1242,141.32
425,435,2024-08-15 06:02:03,2023-08-01 03:36:50,(389)632-6124x3367,453-647-8356,1102,250.57
426,227,2024-07-25 01:08:31,2022-02-04 09:23:26,353-223-0465,001-673-837-9310x1210,58,309.01
427,267,2022-10-01 10:27:35,2024-08-17 03:26:06,001-964-136-2257,564.087.2578x1955,2799,265.55
428,396,2022-02-12 19:30:53,2022-06-23 04:17:03,763.307.8192,396-131-3248x5217,1412,109.57
429,14,2023-03-20 06:14:54,2023-05-22 07:19:38,(178)333-2800,001-180-215-3133x3747,2706,210.36
430,996,2022-06-07 02:43:24,2023-02-28 04:27:46,095-691-1326x3153,(666)440-4127x07530,2451,467.56
431,564,2023-05-25 18:58:13,2022-12-20 19:05:22,466-938-4937x7874,+1-873-353-4346x93573,1155,297.36
432,259,2023-03-23 06:28:18,2023-11-05 07:38:48,001-180-972-5777,728-637-6857x0978,173,211.16
433,625,2023-10-01 14:07:16,2024-09-05 10:28:40,+1-099-130-5402,(831)706-5486,429,44.85
434,413,2023-04-12 00:14:45,2022-10-16 16:35:46,001-180-263-2328x23485,+1-167-723-4171x1574,1152,350.61
435,192,2023-12-07 07:15:19,2022-09-23 08:00:23,(652)614-0571x1846,559.942.7062x22457,3039,344
436,480,2023-11-15 12:27:55,2024-09-21 17:30:41,573.875.9626,691.181.3304,2968,148.81
437,380,2023-08-10 02:48:04,2022-04-03 14:26:14,+1-989-614-0265,364-978-2587,1544,50.41
438,487,2022-10-19 04:14:07,2023-02-19 00:30:33,110.001.1327,(362)709-4325x2952,3367,463.99
439,632,2024-01-23 21:43:36,2024-08-29 22:35:05,(514)837-5254x9365,943-150-4325,3568,118.42
440,721,2022-02-04 05:38:13,2022-10-14 13:18:13,+1-218-247-8813,675.141.6113x82045,3454,206.9
441,28,2023-05-02 23:41:35,2022-07-24 10:32:11,(237)940-9816,(349)406-3306x856,480,172.7
442,148,2022-07-26 10:06:42,2021-10-20 21:02:05,003-317-7302,190.642.4787,1659,157.46
443,543,2023-04-05 16:24:56,2024-07-21 08:07:44,+1-300-310-1151x69778,(648)476-2468x690,299,14.09
444,809,2024-06-01 08:02:26,2022-11-20 04:37:22,(681)101-7392,001-643-356-2458,579,100.95
445,231,2023-09-11 03:34:29,2024-01-29 00:52:27,+1-956-824-5307x401,(485)501-6935x358,105,182.5
446,132,2022-07-13 01:57:04,2023-09-09 05:10:46,+1-429-508-6119x14933,074-569-3803,588,37.86
447,698,2023-01-05 00:15:10,2022-08-26 15:00:42,9488550506,(795)151-0228,949,68.56
448,748,2022-01-27 07:03:14,2022-06-06 10:24:48,(686)112-0453x5329,359.981.6555,1214,18.33
449,475,2021-11-05 02:52:40,2022-03-06 12:40:03,6364164315,(361)093-3292x320,268,152.21
450,866,2024-08-17 10:22:28,2021-11-17 00:04:04,407-311-8684,538-321-9500x47626,1654,471.57
451,269,2023-04-29 03:15:18,2022-03-25 14:26:33,001-371-650-6981,227.071.8299x838,476,99.58
452,430,2024-07-17 19:46:11,2023-03-16 08:44:41,001-527-663-6417x99375,(132)930-0761x27865,1375,280.97
453,671,2023-12-27 03:16:26,2023-11-27 22:34:44,+1-571-224-1611x831,615.826.2525x060,2446,377.12
454,292,2023-04-26 23:53:30,2023-08-11 09:48:47,001-982-468-3801x548,584-117-4728x615,386,489.81
455,75,2023-08-10 20:59:30,2023-08-04 21:45:13,+1-269-788-1953,142.684.3283,2679,422.83
456,9,2024-05-19 03:32:34,2022-11-12 13:08:56,001-263-208-5591x201,666.715.9876x7355,385,144.69
457,860,2022-07-29 08:02:19,2024-01-23 11:04:15,001-462-512-2459x26311,+1-425-903-6560x394,3398,198.51
458,329,2021-11-06 10:08:25,2021-12-14 16:49:21,5636397433,846-524-7454,198,206.78
459,124,2023-08-01 01:06:59,2022-01-11 11:31:51,542.845.4140,001-951-666-3009x362,1598,411.01
460,192,2024-07-27 09:04:46,2022-03-06 15:51:32,303-833-2892x53999,6822668436,2877,12.94
461,554,2023-01-02 16:03:07,2022-06-24 09:47:59,015-201-1518,(904)776-2235x48327,1575,176.08
462,562,2024-02-06 07:47:35,2024-08-13 10:29:22,814-004-8406,(482)580-7887x76048,1012,404.98
463,395,2022-10-01 06:54:07,2023-12-02 05:44:23,(710)599-2626,3050447099,3188,483.94
464,548,2022-03-27 16:25:39,2023-01-08 14:05:25,+1-014-774-9300,096-123-8308,1539,377.7
465,278,2023-02-25 04:43:01,2024-04-12 02:34:23,975.415.0327x0340,(215)122-6717x142,3361,370.72
466,316,2024-03-08 11:55:04,2022-02-27 21:23:40,591-860-0877x2522,524-206-1888x68640,369,219.39
467,106,2023-10-23 03:14:31,2022-11-12 04:13:03,(301)618-3384x8517,742-506-8105,3432,192.24
468,601,2022-11-04 19:13:24,2022-08-10 19:32:55,+1-926-591-6519,804-254-0626,2321,271.66
469,565,2024-01-26 10:31:21,2023-04-21 06:42:54,814.581.5717,+1-084-478-0801,1420,144.33
470,75,2024-03-08 03:29:08,2023-05-09 04:08:53,4620711080,087-948-5525x66388,1448,248.28
471,989,2021-11-22 10:22:53,2022-06-25 16:51:23,811.017.0008x8384,796.135.5498,3066,250.94
472,759,2023-08-21 06:23:06,2023-09-21 23:32:32,602-462-8966x50373,254-548-4965x540,2533,92.26
473,715,2024-08-14 19:42:43,2023-02-10 07:26:31,002.726.3529x805,371.322.7660,1148,390.87
474,192,2023-11-14 23:29:01,2023-02-08 04:40:36,548.874.4760x3188,001-780-225-8712x2242,1774,90.97
475,33,2024-08-06 18:35:44,2022-06-15 15:02:50,397.109.2157x64836,107-312-5959x110,1580,484.28
476,884,2023-07-21 19:22:42,2022-06-28 11:26:07,855.594.6147x2579,595.534.4082x095,3343,156.94
477,473,2023-04-06 14:47:41,2022-08-08 17:55:21,495-436-2239x63955,9664300149,3597,457.42
478,294,2022-11-09 13:33:12,2023-08-26 05:48:44,369-129-7018,001-065-757-1751x0299,3147,302.39
479,135,2022-08-20 15:53:50,2023-07-26 04:27:07,782-251-9760,(801)214-5743,2440,317.59
480,663,2022-10-15 11:18:27,2024-06-13 10:54:20,+1-525-189-7056x5695,343.929.7441,2129,200.88
481,33,2023-10-01 02:36:47,2023-07-23 00:30:58,(905)579-0891,001-241-051-5739x7223,3113,156.06
482,181,2022-03-04 14:10:18,2024-08-03 02:16:59,1082887649,(950)804-1073x903,2559,165.08
483,542,2023-01-13 08:37:51,2022-09-08 22:08:31,+1-696-340-6723,6010585647,211,162.29
484,526,2021-12-22 16:59:39,2023-12-01 18:02:50,(457)024-5261x884,+1-190-575-5324x6409,3357,458.51
485,1000,2024-03-23 13:55:07,2022-08-27 11:36:11,(111)185-2588,2717054281,1076,257.6
486,431,2023-04-07 23:08:53,2024-09-03 09:48:25,453-054-3783,614-269-8855x603,2753,314.75
487,945,2023-11-07 10:28:50,2022-06-09 18:14:00,325-198-6897x4202,001-182-490-8978,1252,91.76
488,197,2021-10-16 05:58:32,2024-01-14 08:10:57,486.185.1782,268-344-0245,3310,30
489,126,2023-02-12 20:12:55,2023-03-13 11:52:05,001-662-423-9616x84969,255-901-7469,1526,486.38
490,431,2022-06-15 11:05:29,2024-08-23 08:50:51,9233138377,(523)519-2731,1144,325.32
491,982,2022-01-03 19:22:27,2023-04-06 03:49:02,001-715-488-8144x00537,551.897.5443x7091,3455,368.59
492,11,2024-07-20 09:12:16,2022-06-06 02:07:32,5026547295,+1-286-383-6082x10012,2967,481.37
493,12,2023-02-12 08:27:41,2022-12-02 00:02:56,+1-897-532-8030,237-828-7089,51,211.42
494,497,2022-03-25 21:45:39,2021-12-07 01:06:24,+1-893-980-5212x954,508.392.6334x231,348,241.01
495,499,2022-01-11 19:02:45,2024-02-20 06:21:48,640.552.3493,769.030.2499x928,2480,302.71
496,100,2022-10-07 07:13:42,2022-03-24 02:12:45,(672)970-2127,001-189-705-8028x2439,2713,260.52
497,771,2022-11-12 07:02:38,2022-07-06 11:50:37,500.402.1061,076-722-5398,3291,482.77
498,171,2022-09-05 01:38:34,2024-09-06 09:34:29,253.232.9116,280.748.2354x251,3546,59.08
499,284,2023-08-21 12:31:48,2024-04-08 17:50:33,(079)606-3235x1335,288-167-6152x014,29,71.65
500,184,2023-06-23 12:01:07,2024-04-15 11:32:18,+1-434-703-5519x635,001-116-827-2327x641,1058,425.57
501,951,2024-06-29 10:50:42,2023-01-28 17:17:55,821-139-4916,+1-246-967-0443x38701,343,42.86
502,87,2024-04-27 01:21:27,2022-04-11 00:13:00,891.586.2820x598,(488)818-5824,1666,439.66
503,234,2023-11-09 01:28:36,2022-02-23 19:30:30,+1-925-350-6102,001-395-676-5828x746,1497,41.73
504,58,2022-01-02 07:29:05,2023-02-05 03:17:47,2259860987,181-308-6564x24963,3566,308.66
505,913,2022-05-25 11:18:18,2022-08-15 22:28:39,(932)959-9806,0687129173,1623,424.14
506,208,2024-01-31 21:23:44,2022-01-06 13:45:51,(118)105-2679x58676,757-202-5700x41133,822,294
507,149,2021-12-07 16:20:09,2023-07-30 14:56:46,439-856-3957x7904,592-959-2835x4861,3019,42.69
508,79,2022-02-10 11:36:47,2024-08-06 23:35:58,001-186-478-8172x003,601.737.2047,1372,439.96
509,514,2023-07-27 21:55:59,2023-06-13 01:09:00,001-951-755-8106x7552,+1-383-492-7001x56049,2353,59.42
510,53,2022-10-20 01:53:09,2021-11-28 22:28:12,331-043-1988x3211,626.467.9030,292,301.02
511,446,2022-05-31 17:43:35,2023-10-26 08:26:05,(435)553-2111x536,753-190-4820,930,135.26
512,468,2021-10-19 22:30:56,2021-10-18 12:03:41,7880350566,(926)518-3413,1166,178.08
513,136,2023-07-06 15:22:29,2022-10-28 16:10:20,708.618.0177x2200,9889667250,994,393.31
514,16,2024-06-24 21:56:03,2023-08-07 04:01:00,+1-188-256-3657x107,(676)536-6958x891,3543,342.1
515,748,2022-10-20 14:23:22,2022-09-29 04:50:08,(023)114-2535x793,659-897-4367,2989,82.25
516,644,2022-10-25 07:34:32,2023-11-17 18:22:06,001-570-181-9708x809,(039)127-2885,1863,470.93
517,215,2021-10-19 10:04:25,2023-11-03 09:05:57,0043359985,001-488-357-6827x595,3066,286.32
518,398,2022-06-25 02:38:07,2022-01-01 01:49:32,924.283.7943,+1-927-755-9857x1765,1671,450.6
519,295,2024-05-19 12:12:25,2024-06-11 09:51:55,369.136.4272,049.000.4889,2683,182.15
520,287,2022-08-03 17:48:18,2024-02-10 04:24:54,+1-574-368-0144x8911,001-336-028-9555x7580,1281,87.28
521,475,2024-03-18 05:36:45,2022-07-18 01:28:34,001-538-116-3087,(342)528-3666,2788,20.07
522,326,2023-02-28 12:04:05,2021-11-02 17:28:25,763-264-3793x6825,769.793.1342,2369,260.74
523,916,2023-05-05 05:47:57,2022-08-18 01:36:18,436-986-6566x590,001-696-228-7015x8954,2800,16.98
524,898,2022-05-03 07:55:32,2024-02-26 20:00:13,001-979-242-7119x85061,4759108198,2277,461.4
525,512,2024-07-08 12:21:58,2024-08-29 21:18:31,+1-914-849-6792x33962,(314)365-0854,819,18.39
526,868,2023-11-06 00:06:43,2023-10-10 08:17:27,+1-946-444-1834x65327,(838)030-8633x9834,489,308.93
527,869,2022-12-20 19:07:36,2024-04-08 14:52:30,(024)893-0657,(975)973-5347,3254,151.81
528,435,2023-09-06 10:27:49,2021-11-30 08:08:10,3054436460,(549)320-6967x5976,2223,391.07
529,926,2021-10-22 03:14:42,2022-09-03 23:42:14,076.788.8052,+1-753-568-0897x238,1662,44.43
530,913,2024-05-06 02:06:41,2023-07-13 13:14:31,074.562.9650,205.198.3769x185,2013,163.59
531,730,2021-12-01 17:43:29,2023-10-02 01:31:16,001-543-611-5044x4964,+1-440-918-7223x5765,1201,311.16
532,231,2021-12-19 03:12:31,2023-08-27 09:58:12,3459824325,+1-760-570-4497x48591,3463,155.18
533,113,2023-05-10 15:37:56,2022-08-29 02:44:53,001-663-853-4644x3137,+1-657-213-1459,2348,25.55
534,821,2023-03-03 01:04:29,2021-11-26 22:47:22,4884111419,544.823.1687x1259,1192,462.58
535,753,2023-04-22 05:43:06,2023-06-18 14:04:42,516-636-1249x1442,(574)507-0414x2789,1685,115.97
536,546,2022-12-13 13:28:27,2023-08-17 04:03:13,759-959-7542x210,(781)843-8917x58152,2012,402.28
537,967,2022-01-28 13:26:28,2024-01-05 13:21:36,0644870976,969.811.8262x8093,1051,240.31
538,162,2022-05-02 00:10:24,2022-11-11 19:47:06,(402)692-6829x93435,(094)800-8094x402,3132,309.58
539,197,2023-05-10 10:40:00,2022-10-10 03:10:12,250-954-4177,653-330-4394x7297,2328,369.15
540,382,2023-04-15 16:02:58,2022-09-10 14:22:08,942.455.7496x126,+1-569-726-0348x5326,1930,406.98
541,849,2022-11-28 03:07:44,2023-05-13 15:03:52,001-253-754-1785,(054)620-8119x4398,996,32.2
542,990,2023-03-27 08:20:32,2023-11-15 14:45:31,439.608.7973x49539,(605)938-5487x235,769,145.66
543,332,2022-06-11 00:50:49,2022-05-11 17:10:15,966-646-6577,809-426-5199x15042,803,248.98
544,875,2021-12-12 21:46:25,2022-02-22 13:50:19,(556)923-4268,271-941-2389x803,2799,237.3
545,638,2023-03-29 03:55:36,2022-02-16 09:50:35,001-937-558-7320x1500,(797)781-0881x17184,1063,11.53
546,418,2024-10-03 06:42:13,2022-09-06 22:53:51,346.447.5543,001-401-867-6712x6129,1438,124.7
547,895,2022-06-09 08:37:56,2024-03-03 13:48:58,6431153849,309-619-2621x078,3310,381.05
548,179,2022-06-25 19:59:01,2022-11-02 07:49:28,680-137-2678x1605,106-664-5100x205,265,190.22
549,775,2022-09-22 07:26:28,2021-11-22 20:48:31,942.511.3910,724.937.8832,2545,203.87
550,606,2022-02-11 14:24:53,2024-03-28 11:24:46,+1-106-252-3616x056,664-540-3915x7295,1963,228.28
551,130,2024-02-15 09:09:10,2022-08-24 01:15:50,050-983-8514x94076,424-595-5896x1791,689,234.95
552,474,2022-07-20 06:59:43,2024-01-27 20:10:34,429.628.1864x4765,324-969-4605,792,388.11
553,812,2024-06-17 17:34:06,2023-01-22 06:04:51,001-816-155-1887,841-202-4347,187,328.01
554,392,2021-12-22 09:53:38,2023-12-11 07:03:37,+1-963-271-8830x636,504-179-3509x65271,1031,288.74
555,328,2022-02-16 04:16:53,2022-03-31 14:01:49,(097)657-2522,(507)627-7735x97596,1469,425.85
556,55,2022-07-20 16:54:55,2024-05-13 20:40:03,0687426886,243.468.5977x4511,367,476.66
557,990,2022-04-13 18:08:12,2022-07-26 00:37:06,631.835.7315x625,641.150.7491x44151,3195,17.2
558,954,2024-07-08 11:47:00,2024-02-12 15:08:25,+1-325-562-0446x77489,+1-812-162-6137x74683,2261,355.12
559,276,2022-06-16 13:15:52,2024-08-23 13:36:56,524-061-6203x49198,226.270.5740x3123,2155,211.55
560,751,2023-06-12 06:14:31,2021-11-02 13:45:46,001-162-189-5460x8578,001-562-743-2257x50274,1869,471.49
561,190,2022-10-29 15:27:29,2022-07-05 02:00:27,(090)498-4460x6476,491.262.3421,2879,318.33
562,249,2022-06-18 10:07:55,2024-07-01 14:16:12,(833)583-3786,628-714-5833,1201,110.66
563,762,2024-04-03 09:29:09,2023-12-04 08:32:23,102-925-6646x440,583-284-7187x93274,339,182.44
564,912,2023-05-16 02:09:55,2023-06-25 10:11:41,(130)203-8813x3191,(463)162-4855x9696,23,191.11
565,232,2023-08-20 04:47:44,2023-01-06 12:31:47,9113940533,(005)468-8891x1919,186,418.58
566,360,2021-12-13 17:22:45,2023-08-01 06:04:11,+1-097-555-4318x0426,001-505-998-5076,2467,259.22
567,821,2024-03-20 10:00:59,2023-12-11 19:35:44,8514652354,481-622-6509x101,2654,279.5
568,595,2023-01-17 19:12:29,2022-10-08 21:42:54,+1-775-192-8629x3944,517.676.3369x7459,3464,402.79
569,790,2023-03-14 14:14:51,2024-09-04 11:42:33,480-939-3457,120.512.5844,113,446.55
570,61,2024-04-17 06:30:23,2021-12-12 15:52:29,+1-596-168-7255x842,001-675-163-8106,2766,405.13
571,324,2021-10-10 00:40:56,2024-07-21 02:06:43,+1-881-171-2990x58689,+1-402-396-5163x4167,1020,366.68
572,338,2022-08-28 13:55:11,2022-12-23 17:36:34,001-468-237-2857x26425,(852)837-9579x4661,1775,237.97
573,985,2022-02-06 09:19:21,2024-05-11 09:20:37,317.794.6452,142.947.1252x05347,503,465.03
574,664,2023-11-30 09:34:40,2021-12-17 13:49:09,001-627-936-6769x25930,(243)306-8536,1928,293.09
575,863,2024-01-12 10:54:17,2023-08-29 04:51:06,897.690.5861x1968,(879)291-5509x9418,3600,54.54
576,487,2023-09-07 05:10:50,2023-07-01 04:45:18,001-045-800-3846x9828,+1-475-174-0673x9901,3581,148.1
577,123,2022-02-02 20:09:40,2022-03-05 02:46:14,439.025.5887x03047,+1-855-762-1955,2760,119.94
578,175,2021-10-14 01:01:05,2024-09-24 14:17:55,(453)505-7939x8817,+1-460-817-1346,1885,97.52
579,318,2021-10-12 20:48:47,2023-11-21 19:11:11,(842)522-4745,552.377.1622x429,3513,213.4
580,89,2022-08-25 12:00:48,2023-05-01 19:45:17,+1-988-891-4721,001-247-492-1949x918,2982,414.62
581,330,2022-08-28 19:10:54,2022-07-03 07:13:10,(526)606-3794x6830,+1-071-836-2353,3533,325.04
582,408,2022-08-16 12:24:08,2024-01-17 16:27:39,167-211-6685x332,263-196-2817x130,2590,89.76
583,86,2022-09-30 03:37:16,2021-11-07 17:40:15,3046456219,516.195.0265,1764,496.59
584,697,2022-09-01 02:25:42,2023-11-06 14:07:33,5468222231,+1-754-000-6862x549,2345,417.97
585,438,2023-08-06 21:59:51,2021-10-06 08:47:32,(317)258-5722,001-978-455-8406,1883,478.94
586,8,2024-05-19 14:43:09,2022-05-22 05:54:02,001-103-135-4544,+1-272-428-7686x9217,3594,234.94
587,846,2023-05-31 12:15:26,2024-04-23 01:00:51,+1-922-322-3924,3944272528,725,480.25
588,194,2024-01-22 12:03:16,2023-06-26 01:31:11,442-397-6120x885,500-196-3087x51352,678,469.91
589,667,2022-12-07 04:57:48,2023-10-03 12:42:54,(728)335-8428,+1-410-806-9608x41040,3329,150.18
590,784,2023-12-06 04:53:38,2022-01-03 07:47:10,001-091-495-4308,690-093-0447x686,256,240.64
591,632,2023-06-11 03:41:13,2023-04-18 12:14:42,1013303978,(171)151-3095,1893,179.12
592,452,2023-08-15 10:58:50,2024-08-28 07:30:27,437.855.9095,(935)949-5674,2390,121.85
593,513,2021-11-05 17:01:44,2022-09-18 13:42:59,426-997-7537x4781,001-097-530-2391x1748,844,403.99
594,417,2023-11-01 01:40:34,2023-11-20 17:37:19,+1-823-054-0316x5068,0347288128,947,358.92
595,166,2022-07-16 08:07:29,2024-09-19 01:14:59,(253)903-5661x899,+1-699-028-5481x99456,2895,268.56
596,671,2023-04-12 03:09:30,2023-08-24 05:59:01,550-614-2349,2725021006,1961,250.17
597,402,2022-01-17 14:52:38,2024-06-25 22:24:42,001-281-328-8851x17939,291-153-6800,1457,188.83
598,28,2023-08-02 11:05:45,2023-04-25 04:22:36,249-787-0061x3089,541-815-2438x531,3049,370.38
599,301,2023-07-17 20:51:22,2024-10-03 09:03:37,052.669.0183,001-981-935-0064x6262,1412,279.43
600,566,2024-03-12 20:17:38,2022-09-24 02:05:50,+1-213-813-9118x06769,(760)945-1101x576,2771,288.2
601,354,2022-01-01 06:03:15,2022-03-16 05:17:12,987-332-1900x187,7648581144,503,472.91
602,127,2023-08-16 14:31:43,2021-10-28 20:44:47,(765)902-3117,304-736-4099x158,2029,178.64
603,340,2022-06-27 21:12:10,2022-11-08 21:51:23,001-071-812-1734x415,001-405-618-1797x851,3506,350.35
604,297,2024-03-02 03:21:26,2023-07-23 11:10:07,+1-850-723-4515x28985,501.871.0750,2967,495.51
605,669,2023-05-07 09:15:55,2023-09-20 21:36:27,719-471-0855x0664,566-019-8199x4509,1148,453.54
606,201,2024-06-18 02:35:34,2023-09-13 07:14:19,001-063-775-2554x4921,001-855-771-1172x3547,661,61.08
607,933,2021-11-01 13:28:05,2022-06-04 06:26:53,911.091.5891x3233,3968934542,3083,480.1
608,994,2022-08-25 19:30:19,2023-09-17 21:59:37,843.923.9843,595.885.2553x534,765,385.76
609,107,2023-08-22 05:19:15,2024-08-05 10:38:51,106-259-7452x74639,467-411-9305x06939,3113,421.59
610,789,2023-01-13 05:00:44,2022-04-15 22:07:21,743.704.6623,(089)209-2260x126,369,363.46
611,346,2023-07-04 16:11:17,2023-03-28 17:20:22,0438073850,+1-845-417-6296x3940,554,57.88
612,325,2023-11-01 16:03:13,2024-08-15 01:31:23,1867988630,239-293-6823x38762,2024,268.89
613,139,2022-11-20 07:03:54,2021-12-08 05:17:54,170.388.9903,(866)349-3004x314,704,122.82
614,667,2021-11-06 23:44:48,2024-09-15 05:52:21,376-405-3527x8779,498-757-4636x108,2939,185.17
615,223,2023-06-29 09:22:46,2024-07-13 12:31:00,140-963-5627x7066,086-602-5675,2888,269.63
616,937,2022-05-05 15:00:57,2021-12-19 20:33:05,(619)775-9617,001-254-720-1053x939,3589,467.18
617,167,2022-07-30 00:34:41,2022-06-10 20:26:12,001-052-868-9701x56441,1463276768,359,472.17
618,594,2024-02-19 12:29:12,2021-11-17 21:58:10,+1-272-331-9059x22520,001-251-891-9980x02778,3379,18.93
619,778,2024-03-19 13:07:13,2022-03-01 15:11:21,640.813.5809x14097,802.050.8988x275,1856,49.19
620,500,2023-10-02 13:18:18,2022-08-08 15:28:45,013-249-8759,(766)775-8691x9135,2305,317.15
621,430,2024-03-23 12:48:36,2024-02-15 01:19:21,6700360544,+1-227-389-1776x675,1002,240.55
622,971,2024-08-17 10:58:40,2021-12-17 06:24:30,478-531-5790,(582)288-7677,3154,192.94
623,425,2023-04-16 20:51:19,2023-12-21 04:07:50,380-502-4155,(422)905-6258,2926,42.97
624,205,2021-11-04 06:13:34,2024-05-29 23:13:05,655-392-9028x863,001-876-112-3320,408,37.45
625,698,2024-06-25 04:00:28,2021-10-24 10:52:20,+1-435-992-3966x90711,+1-655-740-9945x78956,601,334.31
626,814,2022-06-09 23:01:49,2024-08-25 08:27:19,524-523-5126,(777)178-2449x2225,2636,269.71
627,333,2024-03-24 09:55:33,2021-10-17 21:34:28,788-613-5098,290-136-8746,2389,94.58
628,756,2023-08-03 11:59:40,2023-06-17 08:16:15,(868)182-5566,363-981-1637x52580,1611,50.69
629,222,2023-12-25 08:28:01,2024-03-11 19:15:21,312-404-9218x83406,6555018339,1472,477.39
630,15,2024-01-30 07:33:43,2024-05-28 06:31:00,+1-384-881-9640x47297,001-685-573-4750,1973,70.8
631,97,2022-11-25 13:53:10,2022-12-22 23:48:56,937.691.7814x2889,319.651.0612x955,1848,57.99
632,496,2023-08-28 02:41:20,2023-05-17 12:50:39,894-102-2876,714-341-9921x20679,2022,359.12
633,329,2022-04-28 18:12:18,2023-02-02 05:03:32,(791)566-4366x826,574.717.0916x869,1902,44.8
634,191,2024-04-17 10:13:55,2024-09-12 16:11:42,+1-040-931-1139x38359,2724347518,3490,328.01
635,534,2024-09-21 22:55:11,2022-10-04 07:25:27,(603)606-0263x549,+1-046-446-5413,512,323.96
636,910,2024-04-01 21:05:35,2024-04-24 15:17:50,001-975-911-8951,540-950-4844x7916,2528,10.62
637,305,2024-02-01 23:11:18,2023-12-09 18:40:33,(342)355-6584x579,133-779-1804x6520,3273,377.12
638,656,2022-07-15 12:39:23,2023-04-27 17:47:33,601-072-8678,(562)704-0192x33490,2983,262.39
639,462,2022-02-06 11:51:24,2024-09-27 15:13:31,+1-946-620-9335x6117,935-737-7746,1408,436.22
640,499,2022-08-03 14:23:12,2023-10-12 19:00:08,(057)400-9782,973-346-0283x079,1934,126.72
641,877,2024-04-09 01:43:30,2022-07-03 00:35:40,001-184-401-4761x7145,+1-343-282-9778x6521,974,39.18
642,579,2023-11-02 20:44:59,2023-02-17 20:55:09,001-308-709-3304x49474,+1-777-068-1281x8564,1287,345.73
643,659,2023-06-22 05:33:42,2022-04-15 05:33:18,+1-894-411-2669x11303,395-507-7207x297,2626,156.02
644,42,2021-12-28 18:03:32,2024-03-13 12:28:42,(134)599-8030,001-501-461-1333,2843,343.82
645,95,2023-04-04 05:14:33,2023-05-05 23:49:07,(563)343-1229x5252,(502)202-2975,707,120.79
646,255,2024-07-07 22:14:55,2022-05-03 10:15:20,744.494.3728x961,(235)986-2947,1301,240.68
647,336,2024-02-22 00:24:56,2022-01-07 20:47:17,001-553-069-6901x66397,263-737-5950x02515,368,220.05
648,993,2024-06-14 16:05:06,2023-10-07 03:19:57,(480)844-3373,(520)336-6481x1875,660,403.88
649,236,2023-02-04 00:00:27,2024-04-11 09:42:33,9232949877,357-983-9321x188,52,178.69
650,608,2021-11-05 17:14:24,2024-04-19 19:36:33,636.833.9285x17835,(880)490-2499x16533,865,233.17
651,305,2024-01-17 22:20:47,2023-05-30 13:45:56,349-522-6267,755-897-7475x623,3435,187.14
652,250,2023-01-19 21:02:54,2023-08-29 01:30:41,001-621-402-6095x611,(073)191-8703x206,2088,119.74
653,200,2022-02-23 01:21:23,2022-03-30 14:54:14,(535)263-0909x7966,975-194-0393,2691,141.82
654,687,2024-02-26 05:10:01,2022-08-17 00:29:44,224.942.0680x00444,509.236.5504,3131,30.67
655,512,2023-01-10 09:11:23,2022-07-01 12:14:04,+1-055-872-7620,+1-909-439-1164x2135,1848,340.53
656,912,2022-11-23 05:25:43,2023-11-12 21:43:10,895.807.4042,(136)668-0807,1341,347.39
657,22,2024-05-02 02:10:19,2023-05-20 22:40:42,001-681-973-4381x71242,(295)909-8976x8740,3595,39.51
658,526,2022-11-14 12:17:36,2024-02-24 04:04:57,001-944-036-6849x57982,390-067-7953,2251,338.23
659,842,2024-06-25 14:30:54,2022-07-18 07:02:44,4686280019,(237)027-5592x91059,2207,286.84
660,835,2024-04-18 06:02:42,2023-02-06 06:00:28,(419)632-6801,001-528-994-1522x86537,132,348.25
661,490,2022-03-03 23:59:14,2023-08-02 13:38:28,001-112-634-2865x281,(645)640-9927,2039,63.01
662,97,2022-02-02 19:01:46,2024-05-18 01:32:50,001-963-629-2659x891,001-411-424-2507x571,1415,388.75
663,51,2024-08-18 16:52:25,2023-06-18 04:21:24,950.066.1286,535.049.9233x836,107,261.88
664,281,2024-10-01 03:16:16,2024-09-11 17:11:47,001-307-151-5372,001-379-355-5156x90398,2620,193.39
665,735,2024-01-21 02:23:47,2023-01-09 06:39:45,(882)266-9009x0280,349.806.0729x1186,1975,230.75
666,527,2022-06-10 19:56:16,2024-01-16 10:27:52,650-664-2180x13734,690.838.2815x03674,2485,206.56
667,764,2023-02-04 12:48:17,2024-01-15 14:44:13,101-706-2458x65921,154-657-9425x3173,148,393.56
668,650,2021-12-10 14:00:05,2022-04-08 15:10:04,001-733-515-3509,2773309398,2042,433.95
669,209,2022-09-10 21:21:24,2023-04-05 18:46:05,4140982144,(753)457-2384,676,417.61
670,494,2022-10-29 21:17:36,2023-10-05 02:06:06,058-451-1667x3935,(818)924-1755x3022,1809,372.52
671,94,2022-12-13 22:57:19,2022-04-08 07:52:50,242.653.7446x732,222.505.1624x000,3001,202.32
672,424,2023-11-06 00:39:02,2023-01-22 06:17:15,001-918-280-5423,001-539-760-2613,810,185.74
673,1,2022-09-23 09:33:42,2024-09-05 08:38:31,476-877-4387x842,5911339605,1441,457.02
674,777,2023-11-08 04:21:34,2023-08-17 09:28:02,876.598.2398x01127,706.352.9032,610,304.34
675,981,2023-11-12 00:10:34,2023-03-12 14:06:33,(650)374-9701x49308,751-586-1944x535,2752,420.04
676,238,2024-08-17 19:18:28,2023-08-24 09:24:21,392-593-3309x0213,+1-118-374-5120x835,1869,173.95
677,163,2023-11-28 21:57:59,2023-09-09 12:12:15,(156)991-3969x34654,735.323.4303x20703,1240,384.89
678,763,2022-03-14 18:26:31,2023-08-04 04:19:38,189-468-7036,001-989-921-6066,2624,77.36
679,173,2024-01-23 18:48:25,2021-10-06 20:07:13,875-530-6579,1058764865,3323,201.9
680,129,2023-05-26 16:15:42,2022-06-05 14:52:44,(707)288-1923,001-206-357-9855x0747,21,444.72
681,741,2021-11-14 08:54:38,2023-08-24 11:27:43,001-616-532-2376x50866,(625)326-9543x5402,2224,264.15
682,405,2023-07-13 15:46:26,2022-02-15 19:39:01,(927)566-4940,503.915.6503,2712,308.08
683,438,2023-08-10 09:17:56,2021-12-03 09:34:43,288-042-4624x41297,(747)661-4079x96374,957,72.75
684,775,2023-02-10 01:09:25,2022-12-23 18:28:00,167-821-3365,365.684.1152x269,2716,325.88
685,438,2024-05-31 06:05:56,2023-12-18 18:25:22,001-148-264-9585x03325,3042466115,49,338.81
686,45,2023-06-16 16:35:03,2022-01-28 08:57:25,878.308.2619,715.999.9563x24958,3116,397.06
687,916,2023-04-03 19:44:51,2022-11-19 12:18:43,(616)889-9345x78784,+1-191-798-1984x07016,109,32.08
688,609,2024-06-26 09:01:05,2024-08-07 20:16:29,513.892.9029,(598)176-4685x46091,1211,81.78
689,7,2024-05-02 03:40:41,2022-04-20 12:57:16,001-762-420-5401x281,+1-003-507-5772,3265,244.27
690,644,2022-03-04 21:49:40,2022-05-26 19:41:59,+1-297-921-6007,8319872976,2873,238.76
691,112,2022-05-19 09:43:08,2024-05-04 15:08:36,694.891.4503x9742,(978)379-9124x30616,3431,95.48
692,938,2022-08-21 23:03:22,2023-03-26 19:35:59,205-873-1224x5212,129.961.4500,2554,357.65
693,924,2023-03-23 01:24:28,2022-01-26 06:04:06,574.051.2941x33113,001-703-342-1847x905,754,246.31
694,483,2023-03-08 01:06:24,2023-12-04 16:31:54,606-847-8698,358-928-1204,2620,126.14
695,447,2022-01-17 08:44:49,2022-05-10 05:49:26,993-696-9403x445,939-292-7100x99606,2423,330.31
696,948,2022-03-27 01:58:52,2023-03-31 21:32:36,+1-713-583-2465x301,+1-152-919-4623x15832,2168,309.53
697,309,2024-05-22 15:37:44,2022-08-10 17:27:45,+1-931-995-4585x1984,415-070-4025x796,3587,246.05
698,227,2023-09-06 18:29:40,2021-11-28 01:17:22,(220)736-9425,+1-414-139-4733x725,847,164.19
699,134,2023-12-07 19:53:33,2021-11-30 18:55:45,+1-118-679-8442x21381,+1-445-798-2082x2029,1463,160.68
700,829,2024-08-30 23:15:31,2023-11-21 07:13:11,389.537.4818x79144,694-537-3477,925,391.96
701,325,2023-05-04 22:48:55,2023-02-25 18:41:18,826.963.0938,611-603-6267x9300,3183,439.37
702,73,2023-12-18 20:21:16,2022-11-11 21:20:34,515-383-2771x84946,198.863.2485x273,1849,474.31
703,591,2024-08-31 10:15:04,2022-07-18 23:26:43,+1-735-260-0289x4056,+1-622-520-6815x1001,2277,61.67
704,31,2023-09-21 02:02:09,2023-07-20 23:49:17,(794)345-2327x3128,(530)197-5881x1598,1151,408.95
705,96,2024-03-07 13:33:19,2023-10-11 21:18:11,950-722-6159x91748,(195)182-3747x885,1434,32.06
706,187,2021-11-27 18:57:53,2023-06-09 15:25:55,322-661-1338,2416521163,323,100.17
707,307,2023-05-22 15:03:25,2022-05-11 03:36:32,022.924.7000x82103,(325)431-5409,2082,121.02
708,766,2022-08-20 03:38:17,2023-08-23 14:54:16,+1-848-209-9567x09742,(424)780-5146x11288,332,337.93
709,780,2023-12-16 14:38:05,2024-01-28 17:40:42,714-961-7318,594-094-5549x62204,1165,44.25
710,873,2023-07-17 10:20:02,2023-08-15 19:35:34,417-113-7846,459.708.5042,202,234.37
711,110,2022-05-14 21:31:01,2024-01-12 21:24:27,+1-219-848-1619x0653,+1-268-902-0459x97182,1557,297.73
712,296,2024-08-01 15:41:13,2023-03-04 12:33:46,861.653.0184,001-288-083-9911x887,2574,241.75
713,995,2022-12-24 03:47:36,2022-06-08 14:36:09,764-527-6045x0314,336-827-6211,1664,479.54
714,166,2023-05-24 04:58:28,2023-05-07 10:14:30,499.905.2437x31625,001-949-591-8750x84820,3259,242.91
715,975,2024-02-04 17:14:19,2022-01-13 22:03:24,744.729.6242x090,001-255-517-0078x624,3363,412.52
716,718,2021-12-19 02:20:40,2023-06-29 19:28:03,+1-147-799-1659x1928,(856)278-3672x2766,3465,332.55
717,119,2022-05-01 14:21:30,2022-12-04 16:12:01,326.330.5033x0687,001-021-823-1394x6847,2370,277.24
718,426,2023-09-16 19:08:35,2022-09-30 11:24:58,+1-652-818-0574x8152,836.392.1075x00437,1977,310.24
719,484,2023-06-27 19:46:16,2022-06-18 21:33:16,001-456-168-2673,7993170148,715,466.77
720,569,2023-04-21 05:36:03,2024-03-15 08:44:32,401-961-4180,772-589-1532,477,153.13
721,655,2022-03-10 05:15:05,2024-02-06 05:40:25,6483457075,001-530-888-7327x64852,1547,48.25
722,423,2023-04-23 22:45:04,2023-08-19 00:13:27,(986)997-1434x36989,472.035.7743,2399,194.37
723,736,2024-05-09 14:26:25,2022-03-11 00:12:12,001-093-269-0324x302,055.925.6529x50566,1488,145.3
724,266,2022-10-31 22:27:55,2024-06-06 23:19:19,+1-844-981-2092x35663,(525)843-1890x323,1478,130.04
725,844,2022-12-29 07:52:31,2021-11-02 10:30:21,(296)998-1026x799,001-475-055-9305,499,25.73
726,922,2023-02-12 11:42:19,2023-08-30 10:34:14,404.323.7624,+1-423-370-9862x838,2292,228.11
727,891,2022-01-30 10:00:21,2022-10-10 02:12:16,+1-898-866-6763,(203)650-9256x070,1200,13.01
728,985,2023-09-04 18:03:56,2024-01-12 05:01:46,+1-244-321-2669x059,(412)553-9231x6172,463,177.74
729,734,2021-12-25 13:54:56,2024-05-30 08:37:17,(344)338-6909x36886,+1-027-219-4937x899,1941,173.1
730,316,2021-11-18 02:24:26,2022-10-24 23:49:02,(558)278-3208x38723,141.012.9778,1227,167.57
731,12,2023-11-03 00:16:32,2023-12-01 23:24:21,001-500-156-3789x72554,001-868-144-6159,1665,20.55
732,942,2021-11-16 11:42:49,2024-04-04 08:18:32,213.006.8202,(276)380-0434,3279,374.69
733,620,2023-04-17 00:30:46,2022-06-09 08:36:01,(661)938-6208x97932,(274)038-5604x1040,911,344.44
734,25,2022-09-18 01:59:40,2022-02-07 04:01:34,858.634.0533x86986,643.880.0456,3394,255.52
735,293,2023-11-15 05:36:13,2023-06-05 10:59:38,+1-994-109-9274x1884,718.103.2669x7331,2086,19.92
736,832,2024-04-29 16:10:11,2024-05-14 06:18:43,041-131-8934x68329,001-956-601-9006x98686,740,138.77
737,325,2022-07-31 13:59:18,2022-01-20 04:14:51,611.405.6295,001-369-497-6237x678,438,347.88
738,374,2022-12-04 12:35:02,2022-04-19 00:57:52,018-774-7616x8378,(510)991-0702x132,1279,336.96
739,73,2024-05-23 00:30:05,2023-12-03 17:17:30,186.660.8722x0162,+1-056-062-7106x25300,1482,311.42
740,920,2021-11-02 22:34:52,2023-09-03 17:36:39,(496)378-2352x13328,001-547-337-4855x1153,3187,444.4
741,192,2024-08-13 04:20:26,2022-12-27 01:50:17,031-290-3070x4750,(099)888-2028,1370,372.27
742,546,2024-09-17 23:32:49,2023-10-04 00:39:56,(082)375-0274x6332,356.688.9699x9609,437,146.9
743,324,2023-03-11 16:50:37,2022-07-31 13:15:52,817.504.1295,(745)038-1287x83773,2853,182.81
744,238,2022-10-18 07:59:22,2021-11-29 11:32:56,5378938334,393-686-7823,1236,33.43
745,216,2023-11-03 23:57:00,2023-10-19 17:23:38,488-884-5435x852,001-836-681-6430x3948,1879,401.07
746,210,2023-05-21 14:59:17,2023-03-16 20:04:42,+1-292-636-3467x01884,(648)426-1384,1473,318.4
747,726,2021-10-10 06:01:27,2023-10-03 20:31:55,001-751-684-6288x1645,(409)184-8341,367,19
748,216,2022-10-20 01:57:15,2024-07-15 18:16:49,+1-179-982-9927x24263,702-516-2086x4132,1588,465.21
749,425,2022-01-16 04:20:01,2023-05-11 11:43:44,+1-057-007-7677x0162,(696)148-4930x676,728,486.67
750,783,2024-03-16 15:38:31,2023-12-27 01:25:56,318-558-1287x87238,+1-842-654-1129x523,415,207.98
751,68,2022-05-29 13:54:38,2024-05-08 15:12:11,428-836-2610x6185,392.551.2057,93,23.55
752,473,2022-09-24 11:54:29,2024-03-15 12:33:48,(037)942-7241x999,3423425120,539,101.54
753,753,2022-02-23 22:59:45,2021-10-29 12:59:31,(678)191-5063,001-811-983-8046x1072,2842,217.46
754,179,2022-03-08 02:24:37,2024-05-08 12:59:05,001-246-416-6116x21729,001-815-995-5975x201,3497,108.47
755,416,2023-04-16 02:19:06,2023-01-10 03:22:59,(036)290-8427,+1-681-258-8810x7379,1207,273.78
756,261,2022-09-07 11:49:59,2023-01-04 18:29:57,299.710.4015,001-994-992-9196x61214,1898,132.18
757,399,2023-10-20 09:14:12,2022-10-08 12:15:36,001-612-458-2290x694,(682)330-7694x4028,749,53.69
758,762,2024-09-08 19:12:26,2023-11-02 09:31:33,(326)665-0628x57708,(167)716-4316x6404,1495,216.37
759,614,2023-11-12 05:16:03,2023-01-06 05:24:53,001-107-850-4148x841,+1-641-528-8469,2773,273.85
760,741,2023-06-16 15:01:20,2022-11-24 21:59:46,997-885-4537x97102,+1-877-737-5942x9187,591,224.51
761,741,2022-01-05 09:28:25,2024-07-20 01:15:17,726.442.9181x6636,001-836-269-9208,2345,351.9
762,113,2022-12-25 12:47:50,2024-07-31 01:45:52,(156)239-6247,459.705.2609,55,459.3
763,256,2023-09-12 16:24:44,2022-08-19 23:10:09,(724)066-1408,4214609867,1314,247.56
764,442,2022-02-26 13:57:05,2022-04-12 07:00:45,477-148-9413x1753,116-021-7141,454,338.93
765,166,2023-07-20 10:56:34,2024-02-16 20:15:32,(039)733-3442x2497,(618)434-5678,737,166.57
766,870,2022-10-15 13:37:29,2022-07-15 20:29:11,124.375.3889x878,9542797716,57,499.99
767,78,2022-04-06 14:15:14,2022-08-31 01:55:34,(288)371-6034,+1-945-739-6917x698,2781,252.71
768,304,2022-11-15 02:58:13,2023-11-17 02:58:34,223.112.3757x662,+1-969-376-9565x77553,1257,224.16
769,212,2023-07-06 22:39:12,2024-07-29 08:38:16,3502674820,737-903-3053x674,1709,157.57
770,911,2024-10-03 19:01:49,2024-04-25 16:54:26,151-245-7308,996.382.0915,2553,69.63
771,363,2021-11-09 12:19:16,2024-07-25 10:26:44,920-473-1049x4884,1409418514,3431,404.16
772,704,2022-08-02 08:07:32,2022-03-19 08:50:37,(921)872-0071x9822,+1-190-891-3681,1327,80.57
773,314,2022-10-20 11:19:22,2022-06-23 19:36:15,629-124-7328,486-282-1784x93568,3483,50.67
774,2,2022-07-21 09:17:23,2024-02-23 14:48:51,(996)247-8332x0572,120.917.2090x7150,128,415.36
775,613,2021-12-02 17:33:54,2022-03-15 00:55:55,001-183-982-0294x60016,8826884146,1365,391.99
776,951,2021-10-14 20:46:58,2023-02-17 05:41:28,486.259.7101x222,+1-434-004-5675x25399,1347,440.39
777,29,2024-01-31 14:07:46,2022-01-22 03:29:24,001-884-831-4948x9111,628-765-1694x6245,2632,346.59
778,185,2022-08-28 20:40:36,2022-01-17 20:56:06,(275)056-9161,001-425-190-8891x4483,1727,464.41
779,567,2024-03-11 17:51:39,2021-11-14 02:53:47,+1-289-779-5058,809-998-8877x04938,2343,341.08
780,11,2022-04-12 22:03:21,2024-01-02 14:48:30,6643055180,001-195-017-0685,1086,19.28
781,796,2021-12-15 23:59:18,2021-10-24 06:52:26,001-649-250-4992x527,001-710-598-3655x00908,1421,129.79
782,579,2023-09-19 11:09:48,2022-11-27 02:33:34,8338536804,039.733.2557,1118,82.38
783,366,2022-11-20 11:41:23,2023-08-17 17:19:42,(152)674-2360x8890,600.688.9542x06351,1153,48.86
784,416,2024-01-26 17:32:25,2024-04-11 09:44:16,+1-671-620-7457x166,808-812-4275x6438,1532,78.74
785,324,2022-12-11 21:19:34,2022-05-31 12:47:40,+1-528-655-3099x26748,(787)387-8226,2351,172.83
786,407,2024-08-26 16:52:21,2022-08-08 10:29:37,780-910-6923x47099,0465984135,447,180.98
787,33,2024-04-30 13:37:33,2022-04-15 12:22:27,1008788549,(217)499-5833,141,369.29
788,281,2023-12-27 22:35:39,2022-04-19 08:48:21,010.503.9444x7829,7798289915,3495,259.33
789,363,2022-04-08 04:11:01,2022-08-16 22:00:16,848-805-0962x9744,+1-221-623-4578x9435,3251,437.39
790,44,2024-07-22 08:46:14,2022-03-04 03:28:50,087.744.4086x5293,001-791-545-2543,2969,471.51
791,872,2023-05-22 12:24:03,2021-12-01 17:43:33,4325216199,(079)845-8011x998,847,296.1
792,528,2021-12-06 02:17:37,2024-09-12 05:58:40,+1-709-118-5120x5398,(296)134-8700x694,3391,483.26
793,115,2022-05-22 05:49:04,2023-10-10 08:05:55,(339)520-1340,+1-855-358-5247x50387,790,479.69
794,337,2023-12-27 09:17:31,2023-11-25 17:20:33,1364878723,347.576.2799x21189,3066,191.45
795,131,2023-01-16 05:06:34,2023-06-16 11:40:10,001-481-402-2700,876.266.6969x7929,2688,43.93
796,147,2024-02-12 23:48:39,2024-07-26 05:44:49,001-680-261-0840x81916,821-508-5229x689,2763,397.32
797,458,2022-06-04 21:33:31,2023-10-28 00:48:30,725.217.5713x509,986-250-0440,3235,147.42
798,219,2022-12-10 04:03:45,2024-01-12 06:49:10,+1-745-133-1800x478,001-062-379-0184,3151,297.07
799,934,2023-05-26 09:05:28,2022-10-28 10:54:24,001-338-872-8085,001-867-153-2538x67867,1008,391.64
800,514,2024-05-21 22:49:14,2023-02-05 03:36:32,(172)311-1069,(733)371-7434x747,2301,386
801,92,2022-07-08 18:20:43,2022-07-03 16:49:02,+1-961-261-3421,+1-313-223-0508x045,1404,345.61
802,538,2023-09-19 23:59:03,2021-12-27 02:41:38,3666911827,587.454.3056x2810,2519,101.25
803,302,2023-05-27 00:17:49,2022-04-03 23:00:46,+1-152-712-2723x30006,315.937.7241,3121,295.06
804,986,2022-11-30 18:06:35,2021-10-22 09:37:14,+1-219-879-1357x2498,980.596.2079x06638,2620,38.43
805,45,2022-05-04 20:06:12,2024-02-19 13:07:48,(025)309-2208x8063,(513)942-6613x422,2766,324.14
806,376,2024-03-29 12:03:58,2023-08-13 05:17:25,2594549309,792.289.7742x72894,3338,86.64
807,252,2023-02-12 03:30:33,2024-08-23 19:30:57,+1-287-095-6933x87679,(753)348-0786x634,2255,240.52
808,833,2023-09-13 03:16:44,2022-07-22 19:38:35,001-764-281-9512x28020,+1-637-523-2812x812,1829,312.51
809,373,2022-08-27 06:48:09,2022-03-19 16:49:52,534-892-5667x6193,001-807-830-5386x010,1106,231.95
810,311,2022-12-15 08:20:34,2023-11-07 06:24:04,980.245.6018x9706,4137844465,224,188.52
811,927,2023-08-08 13:28:29,2022-08-31 10:58:49,6086810528,001-880-241-6176x45822,1004,206.37
812,137,2022-09-30 22:09:51,2023-12-20 18:14:23,+1-767-099-9403x4863,061.854.6246x628,3330,414.91
813,124,2022-10-13 17:30:18,2022-04-19 18:19:42,(218)578-9925,489.432.1266,3147,50.83
814,195,2022-06-24 20:15:54,2024-03-29 08:26:13,+1-700-534-5043x94767,001-864-507-9145,1080,348.02
815,377,2024-05-27 11:44:07,2023-09-24 04:55:24,(542)349-0347x20539,(019)362-4579,3567,160.19
816,250,2021-11-16 19:08:53,2024-09-02 14:26:22,868.280.2135,(630)110-1947,493,419.6
817,765,2024-05-02 13:09:13,2022-08-15 21:29:28,001-880-248-3711,+1-724-338-4750x08016,2946,357.38
818,470,2024-07-07 05:26:11,2024-03-11 17:03:23,(655)809-6014x49804,001-113-214-6933x84699,3515,468.32
819,766,2024-04-01 08:17:31,2024-06-19 09:28:15,+1-686-779-1229x1209,252-709-2698,1152,165.75
820,221,2022-11-28 00:33:39,2022-07-17 17:25:24,480.412.3238x1087,001-407-477-0146,232,345.18
821,921,2022-10-04 04:23:40,2023-05-31 08:01:50,580.753.5226x157,4951149774,2287,225.31
822,829,2024-07-17 03:24:42,2023-05-05 14:42:39,001-468-130-8485x135,710.580.9395,9,378.03
823,1,2023-11-12 08:23:50,2024-02-01 17:28:40,001-822-246-7733x627,(229)032-1661,1609,282.54
824,287,2022-07-20 14:02:01,2024-01-12 10:23:32,505.560.7211x4345,4846886523,2900,243.67
825,42,2023-06-20 11:44:28,2022-11-08 12:30:57,(293)912-8584,(913)058-7609x2187,1790,463.07
826,654,2024-02-02 03:29:40,2022-03-03 10:45:17,494.605.9148x9479,2447149579,1268,164.57
827,567,2022-10-17 15:04:15,2023-02-16 01:48:21,795.846.3258,(858)311-8031,2638,236.51
828,864,2021-12-19 06:30:17,2022-05-12 21:49:40,+1-438-622-3242x06351,(801)433-3229x280,1752,460.99
829,719,2022-10-24 06:18:26,2023-09-28 03:12:34,001-875-595-7313,(639)737-1794x74783,2385,428.15
830,691,2023-02-13 09:43:26,2022-05-20 20:51:11,851-522-2077,(754)885-7078x676,2436,384.62
831,26,2022-10-06 11:11:58,2023-06-01 14:10:27,+1-466-029-4550x560,318.298.0125,2166,470.03
832,92,2022-05-11 08:27:21,2023-12-23 00:45:36,001-093-317-5433,652-979-7787x671,572,83.18
833,904,2023-06-24 21:14:59,2023-03-04 20:22:56,463-103-9419x96243,(584)613-5099,3571,101.63
834,913,2023-03-12 16:09:04,2024-04-26 05:13:16,(156)849-9948x91963,+1-695-510-8534x04128,767,247.31
835,674,2022-04-06 13:47:48,2024-03-20 11:00:59,2240928710,+1-367-680-4570x1181,2464,55.84
836,695,2022-05-25 09:52:15,2023-02-02 21:56:57,+1-361-705-5982,(171)306-2358x12126,2047,152.22
837,481,2023-01-30 08:45:45,2023-01-06 14:11:14,(598)154-1787x419,+1-253-073-5241,3582,26.17
838,247,2024-06-23 19:25:25,2023-03-22 21:11:53,269.242.4790,562-987-8980x31844,1694,14.59
839,738,2021-11-05 02:17:59,2023-10-28 01:30:13,+1-697-736-6058x9006,+1-743-903-2720x65007,408,286.75
840,973,2022-01-17 08:37:12,2022-05-03 18:51:46,(587)542-8889,581.666.6066x684,1854,11.14
841,785,2023-05-19 13:42:49,2022-12-20 15:33:43,396-560-4084,960-766-5558x68304,326,316.06
842,687,2022-03-07 03:18:54,2024-06-23 11:42:06,(278)431-7088,+1-782-812-4786x648,2162,183.14
843,521,2022-12-22 19:31:09,2023-01-10 06:37:14,737.640.5892x24907,087-399-5106x081,2430,235.67
844,125,2023-12-11 04:07:38,2021-11-30 04:23:23,379.076.3695,4322671844,881,239.56
845,918,2023-08-09 21:25:28,2022-08-26 14:45:04,001-258-294-9427x6252,587.747.7246,205,89.77
846,952,2022-10-12 16:37:11,2023-07-13 21:41:39,001-485-791-4846x20367,447-249-8553x37025,2839,298.87
847,884,2023-07-31 17:49:17,2023-03-10 15:34:56,836.250.7127x8309,+1-524-846-5505x70003,610,286.1
848,886,2023-04-07 07:37:45,2022-06-18 12:45:55,001-895-786-9420x902,(683)633-6528,909,152.59
849,509,2022-09-26 22:30:17,2023-10-24 21:45:08,001-024-661-7244x33652,(070)377-7096x64625,615,286.16
850,109,2021-12-18 01:28:38,2022-03-21 19:50:54,+1-790-608-3366x586,2406505620,2529,124.28
851,68,2022-05-04 18:24:34,2024-09-06 23:00:49,5886232584,(008)510-7017,830,158.51
852,499,2023-02-17 01:54:58,2022-10-23 16:30:13,+1-142-281-2647x14528,+1-639-047-0761x88360,1417,346.06
853,364,2023-03-21 12:52:15,2022-05-17 13:21:30,001-892-531-9689,+1-200-561-9312x87978,279,292.74
854,346,2023-11-14 17:48:13,2022-06-24 08:00:26,(407)998-6131x460,3583745814,792,304.24
855,834,2023-10-09 15:54:53,2023-03-14 05:45:13,+1-869-083-0679x1281,3918693702,2046,148.43
856,654,2022-04-28 08:22:33,2023-09-22 00:43:07,922.007.1166,(396)146-8719,608,387.8
857,807,2022-04-15 22:00:41,2023-07-12 18:05:02,643-251-9134x9577,+1-651-061-2917x930,1576,152.1
858,531,2022-04-13 20:01:45,2022-03-11 19:09:57,(471)539-7615x6600,(148)292-8730x5240,1426,456.4
859,322,2022-11-11 17:11:13,2023-12-08 09:12:24,460-814-3637x5054,944.602.6774x38323,2042,223.13
860,576,2021-12-08 11:06:59,2022-12-12 03:22:41,9733930108,462-915-9484x2752,1840,389.96
861,331,2021-12-09 22:30:48,2022-11-18 17:28:18,001-873-713-1742x0451,001-845-548-5438x1521,1709,393.1
862,713,2024-09-12 18:23:57,2024-06-15 02:13:31,(461)610-6796x4254,992-661-7357x0436,1122,200.7
863,759,2022-12-28 19:16:21,2024-05-26 02:24:15,955.165.7834,+1-683-167-7705x851,178,407.27
864,544,2022-01-31 21:43:41,2023-11-13 05:40:46,001-609-862-1471x289,+1-283-157-3462x70022,2989,262.29
865,532,2023-06-22 03:32:56,2023-04-12 02:32:15,914.997.5267x4754,0848069925,1714,466.68
866,817,2022-09-20 00:42:04,2022-11-20 18:27:20,001-968-931-9964x5746,(632)928-8134x76675,2235,56.39
867,287,2022-05-07 17:26:05,2023-11-04 19:32:27,750.671.0774,991-246-5132,2588,54.95
868,735,2021-10-11 08:39:20,2024-01-27 13:11:31,488.144.5942x1088,(257)462-4063x6819,1440,286.49
869,210,2022-10-08 14:26:38,2023-04-30 20:19:25,977-340-5783,309-223-4932,1775,379.66
870,345,2023-05-28 08:32:15,2022-07-10 08:59:27,248-430-2826,053-127-9197,2849,114.16
871,8,2024-08-12 15:43:37,2022-11-10 14:30:32,+1-593-660-5167,707-240-5829,472,89.06
872,935,2022-10-22 06:58:43,2022-01-29 12:07:47,001-316-485-8562x121,001-692-325-7546,119,342.36
873,268,2022-08-02 08:28:13,2022-01-30 02:39:27,(785)624-5524x1786,(039)731-9468,1736,234.22
874,151,2023-07-05 15:56:44,2023-10-13 15:38:49,413.180.3874x679,+1-656-991-3792x85991,496,312.45
875,429,2022-01-30 17:39:16,2024-06-08 00:55:12,592-402-4932x436,263-484-9848x6103,1500,390.43
876,786,2023-06-14 06:40:54,2022-05-17 16:32:34,324-073-0004,676.556.0420x41864,167,318.21
877,847,2022-09-11 19:50:50,2024-07-21 19:39:23,012-590-3183,7675138283,2975,84.28
878,803,2022-03-08 09:35:12,2023-10-25 10:31:32,001-738-699-3003,1068556388,2737,286.62
879,573,2023-02-09 08:21:37,2024-03-27 12:29:32,158.422.7984x8392,(637)579-3090,2630,101.9
880,695,2022-11-20 23:49:20,2022-03-25 09:36:47,(146)135-2787,3208645378,2043,219.53
881,956,2021-11-03 15:05:28,2023-12-20 05:32:10,226-055-8144x182,211.545.9752x2480,1513,346.97
882,58,2024-04-26 02:37:50,2024-04-06 03:25:23,001-207-812-4913x51786,+1-393-184-1303x1161,2744,334.29
883,590,2024-07-24 21:48:45,2023-09-17 16:00:44,(382)995-8316x463,+1-885-879-1664x932,1987,301.43
884,158,2024-01-27 05:53:43,2022-11-10 01:13:44,915-675-9755,855.418.5077x79990,3201,172.53
885,656,2023-01-27 05:43:31,2022-09-11 02:17:29,179-643-4062,747.807.5268,3550,45.61
886,931,2022-02-18 21:53:33,2024-06-27 03:10:34,+1-321-069-0199x539,+1-511-315-2378,2898,319.85
887,458,2023-10-22 07:07:28,2023-10-19 05:08:08,+1-357-008-6030x4807,548.885.3466x046,1665,110.3
888,980,2022-05-04 01:13:44,2024-09-03 11:05:52,(998)629-4611x30382,001-098-447-8271x82558,2415,224.05
889,21,2023-08-19 08:47:47,2021-10-28 11:02:53,(672)131-9829x1809,001-203-018-9371,488,209.28
890,93,2024-08-16 19:10:14,2024-04-29 06:14:11,537.677.1967x2790,1102288414,2405,182.9
891,199,2023-11-29 22:58:23,2023-09-25 14:46:35,707-473-5634x620,001-422-711-0892x4506,767,102.1
892,790,2023-06-08 21:03:33,2024-04-20 21:51:22,(671)656-1680x17456,563-472-1540x35304,1530,151.98
893,19,2024-08-11 04:46:50,2024-03-12 15:35:14,457.765.3346x6102,935.805.3105x348,3521,16.87
894,820,2024-06-16 12:07:10,2022-10-22 13:06:32,001-203-697-9070x43855,630-431-1963x0638,325,418.97
895,254,2022-02-03 21:12:03,2023-12-21 13:18:00,001-245-088-1397,(333)113-1032x559,2611,25.04
896,717,2024-07-17 17:54:31,2022-09-28 06:26:47,140.603.3984x797,+1-263-147-6574,2439,496.34
897,90,2021-10-14 20:28:11,2022-01-22 23:32:34,987.830.0082x100,001-914-219-5594x45315,3390,71.02
898,136,2024-09-29 23:23:43,2022-12-19 21:04:02,+1-697-234-7193x75036,+1-352-148-8542x94458,2575,65.88
899,779,2022-08-14 13:06:41,2023-02-26 16:19:48,525-245-6595,7487321761,1655,193
900,12,2024-06-19 02:53:52,2024-04-12 12:40:17,001-914-794-4074x8500,580-817-9740x1060,2577,475.85
901,802,2023-12-22 21:06:37,2023-08-18 00:23:26,709-620-2200,8987008763,854,192.15
902,119,2022-06-23 21:04:38,2023-05-20 17:08:47,(344)239-0412x028,870.344.4465,739,155.49
903,565,2023-04-15 03:24:02,2023-11-02 01:43:17,910.796.6466x872,(963)560-7551,1560,454.87
904,520,2023-06-14 16:16:48,2023-04-17 16:28:41,(844)003-5751x0630,751-117-7133,2599,123.38
905,483,2022-08-19 16:12:44,2022-10-31 15:42:32,262-942-4431,001-927-780-5131x379,744,24.03
906,483,2023-03-15 06:03:46,2022-05-30 00:48:52,+1-828-022-4087x03295,+1-562-093-6521x9886,827,367.97
907,143,2022-11-20 09:52:14,2024-02-11 09:07:02,(491)591-9245x084,001-477-870-3560x552,817,370
908,410,2022-12-01 15:40:13,2022-05-09 07:37:09,(288)744-9047,139-294-2128,3158,354.91
909,146,2023-03-29 06:44:13,2023-11-03 19:47:20,786-152-9279x986,(727)489-5042x412,1077,15.26
910,389,2022-11-15 21:32:21,2023-10-07 15:34:55,001-609-046-2485x15373,519-097-0699x64362,299,310.22
911,632,2022-06-02 01:38:10,2023-05-01 02:10:00,+1-447-017-3931x57136,+1-727-536-7691x0374,1948,434.56
912,852,2022-02-22 20:50:05,2023-10-28 03:26:15,(191)297-8906x8219,071-869-9610,3499,381.1
913,929,2023-11-09 20:13:31,2024-05-10 14:38:08,(361)762-0648x7587,703-335-1572x04040,2038,314.53
914,45,2022-06-12 10:18:43,2023-07-05 03:07:17,001-186-249-9224x0067,839.878.6012x960,2238,271.14
915,528,2022-02-15 01:40:27,2023-09-14 18:59:37,446-070-3107x32874,001-887-321-9827x290,2223,138.74
916,53,2021-12-26 17:49:10,2023-02-23 10:27:32,015-765-2750x103,(244)881-7884x49105,1629,250.12
917,523,2024-08-14 11:30:05,2022-08-11 04:52:10,001-010-508-3885,692-642-2325x38315,3423,79.97
918,239,2022-07-08 14:53:48,2022-09-28 12:54:41,001-617-361-2402,+1-083-688-3159,1355,25.2
919,293,2023-10-16 01:30:32,2024-09-29 15:09:02,485-212-1864,001-158-275-7843,1538,332.89
920,944,2023-08-26 20:29:30,2021-11-18 10:10:46,001-183-437-4058x00962,(669)624-9673x3584,1251,42.79
921,535,2023-09-05 07:14:33,2024-05-13 22:50:13,087.374.4062x39503,+1-037-239-2570x36836,185,311.03
922,99,2021-10-27 03:32:35,2024-02-23 04:44:52,(336)385-5519x12092,(464)234-7471x086,882,287.04
923,674,2021-11-12 06:12:48,2022-09-21 22:09:52,799-797-1456x575,001-026-786-9627x55961,2359,265.42
924,879,2024-07-08 17:36:37,2023-02-02 19:59:29,455-888-7713,398.284.6117x2360,2633,462.84
925,58,2023-05-05 01:32:09,2023-02-06 08:32:10,(642)045-7931,686-908-7072x933,2554,144.51
926,529,2023-08-10 07:30:40,2024-07-13 04:05:43,070-463-8959x4100,001-427-373-8357x249,1198,66.07
927,633,2024-07-10 04:06:22,2021-11-12 15:47:15,626-780-0853x6910,(132)290-0717x993,218,168.6
928,369,2022-07-08 01:18:07,2022-05-05 14:07:00,(350)095-5689,001-649-136-2706x9075,1512,320.63
929,138,2023-11-05 23:52:47,2022-06-24 08:28:16,126-816-1684x21311,+1-924-722-1750,1913,325.34
930,907,2024-01-11 08:00:55,2024-06-20 16:09:42,(612)161-9530,+1-149-249-3093,2375,253.22
931,955,2022-07-01 19:02:51,2022-10-23 13:16:51,(971)777-8480x5507,+1-432-465-3038x4434,2026,121.67
932,258,2023-11-07 10:46:17,2024-03-23 01:03:56,072-467-3367x009,442-307-7770x202,2122,284.09
933,222,2024-08-05 19:13:45,2024-02-13 23:43:45,+1-807-145-7391x6202,001-472-779-5139x9097,2481,185.62
934,558,2022-10-26 18:42:10,2021-11-28 18:35:13,+1-794-324-3539x60907,993-087-7244x5802,1383,28.04
935,7,2024-08-23 22:15:06,2022-06-04 07:01:24,(107)714-3730x742,800-319-1646,1328,113.05
936,848,2024-07-24 05:56:32,2024-08-06 08:28:05,393.880.4833x7652,(049)910-5383,3020,449.04
937,371,2022-01-05 19:31:20,2022-04-04 04:55:50,874.813.4853x0588,849.580.7484,2288,140.47
938,268,2022-10-08 22:28:28,2023-08-28 00:49:47,+1-972-171-2603,001-375-336-6762,1486,402.62
939,167,2023-07-02 21:55:32,2022-05-18 23:04:58,(395)215-3573x01077,598-618-2110,2799,233.02
940,107,2024-05-11 03:19:12,2024-09-25 07:17:30,001-783-048-4783,(048)467-0711,253,25.03
941,31,2022-10-29 06:50:08,2024-08-31 11:45:35,254.278.3747x7134,+1-936-234-4981x888,2141,345.24
942,874,2023-01-11 10:09:53,2023-11-04 12:38:25,291-607-5247x37170,(556)795-5265x431,271,286.07
943,176,2024-03-11 12:57:32,2023-09-29 06:34:55,642-964-5846x907,001-963-862-3730,662,490.43
944,731,2024-07-21 13:35:36,2023-04-24 06:29:05,(743)487-9395x996,+1-210-552-5117x978,648,183.7
945,286,2022-01-31 11:06:53,2024-02-13 11:33:07,+1-803-372-4809x33325,(678)387-0055,2456,373.69
946,319,2021-12-31 15:51:35,2021-11-06 22:42:17,+1-077-878-9294x948,2945000957,3292,432.26
947,700,2023-07-13 12:32:24,2023-04-06 00:56:26,985-411-9837,(060)845-0650x5383,3409,264.31
948,766,2022-10-13 12:50:27,2022-05-30 23:17:17,(048)479-2826x559,222.809.7319x4385,2444,340.97
949,580,2024-08-26 09:01:13,2022-12-19 03:47:09,001-848-424-0859,244-887-1136x574,518,488.8
950,653,2024-06-12 03:34:55,2022-12-10 22:43:27,(412)980-5714,(471)136-7072x65309,2174,373.63
951,520,2022-05-05 21:39:12,2022-09-18 23:44:56,(882)971-4557,169-346-8103,1165,419.65
952,418,2021-12-31 22:34:12,2022-02-21 23:39:44,(756)889-4588,001-539-849-5778x34724,2873,54.18
953,87,2024-09-12 18:40:32,2024-03-03 18:32:42,001-654-060-7880x766,+1-140-423-5311x469,396,240.82
954,394,2022-05-13 16:06:17,2024-01-10 11:51:11,(879)679-1453,001-105-125-4314,2858,423.17
955,652,2022-02-13 09:21:51,2023-05-08 23:26:22,(666)440-1146x02933,(683)446-0893x7562,3480,236.76
956,394,2022-09-16 09:11:00,2022-06-14 04:37:14,(435)836-5502x118,001-338-877-5367x6371,1732,354.8
957,185,2022-03-03 21:19:11,2023-06-30 13:20:53,(378)442-3428x40252,(659)822-6969x144,472,429.54
958,790,2023-10-27 13:47:27,2023-12-03 15:16:32,083-396-2672,774-696-4410x6461,623,394.18
959,847,2024-07-31 04:36:34,2024-08-06 14:48:09,001-268-976-1867x0821,001-472-286-6167,1373,433.08
960,981,2022-04-28 19:01:35,2022-08-03 05:30:07,718.510.9685x39144,5976404526,1098,133.38
961,543,2021-10-17 17:15:10,2021-12-18 02:13:24,5967019288,001-431-706-4609,2339,325.8
962,871,2022-05-11 00:05:02,2022-03-10 23:28:29,(248)486-1437x22191,(804)062-1255,3024,356.37
963,681,2022-09-09 08:38:27,2024-08-23 18:47:42,705-612-5903x4650,421-347-0168,419,33.26
964,945,2022-03-10 02:17:31,2023-06-14 22:43:47,+1-172-526-1947x9312,262-049-9550,2635,166.24
965,415,2023-04-21 06:43:29,2023-02-08 09:08:50,(989)583-3337x4907,(511)672-1724,2683,347.84
966,357,2023-09-18 16:57:24,2024-08-17 17:29:42,343.182.8484,796-663-9018,1609,492.94
967,708,2023-05-03 03:26:17,2021-12-19 06:14:33,+1-021-727-5329x1924,1933902312,51,117.83
968,20,2022-03-24 10:29:27,2022-03-07 19:26:37,001-574-701-9323x9285,001-488-055-2670x02262,2688,196.47
969,541,2024-02-07 04:46:31,2023-07-26 12:08:14,+1-054-365-4232x9109,(797)345-7203x17207,744,53.3
970,712,2021-12-14 07:14:17,2022-05-07 16:19:59,447-255-0609x4546,853.472.8887x1956,1788,403.45
971,667,2024-07-19 14:56:22,2024-05-26 03:39:46,+1-040-679-3717x70562,(438)537-6558x91273,2936,488.3
972,425,2022-02-13 18:10:00,2022-03-01 16:06:23,(628)656-2837,(945)442-6203x265,1725,391.26
973,765,2023-11-27 06:11:24,2023-06-15 02:16:07,(770)294-6400x436,2472627171,131,144.44
974,954,2022-12-31 05:04:22,2023-11-11 16:27:36,714-753-6754x2615,200-784-7760,368,55.4
975,934,2022-07-20 13:52:34,2022-01-23 11:51:50,1746439276,+1-721-672-9840x3923,2859,299.47
976,587,2024-02-17 15:20:15,2021-12-31 07:45:37,8910293372,(761)370-9662,3077,283.56
977,218,2021-11-10 09:13:28,2022-09-24 16:08:44,078.444.6305,+1-417-289-6712,2084,364.37
978,270,2022-08-10 02:59:49,2023-03-04 04:04:02,001-694-732-8842x1413,469.163.0370,1459,205.53
979,821,2024-08-15 09:34:39,2023-08-17 18:18:38,507-199-4899,266.172.1113x532,3201,43.84
980,127,2024-08-30 00:25:45,2022-03-08 01:57:55,001-998-931-3693x87006,4670393770,3244,94.49
981,862,2024-05-15 11:24:23,2024-01-18 05:57:05,402-228-1411x0609,+1-534-746-4390,2370,56.52
982,204,2021-11-13 14:08:49,2023-12-22 21:15:54,(946)555-6555x9276,+1-727-265-1052x437,144,184.7
983,650,2023-05-18 21:36:59,2023-11-25 20:15:17,219.503.7550x585,(488)276-6287,1755,387.32
984,669,2023-03-03 16:49:40,2023-08-10 12:54:52,001-979-705-6800x334,(288)547-2747x695,1212,223.41
985,332,2024-06-14 22:48:11,2023-12-03 20:52:08,001-862-243-0371x634,(979)298-6816,2503,331.89
986,508,2023-10-06 09:30:36,2023-03-21 02:04:33,583.197.6408x77137,774.393.5763,3385,118.07
987,538,2022-03-25 08:12:32,2024-06-11 18:21:27,+1-583-683-5020x0777,745-029-4459x287,1084,147.29
988,90,2024-01-13 20:33:26,2022-06-04 00:18:19,380-286-8339x053,(209)915-4788x453,3000,153.9
989,313,2022-02-19 07:30:29,2023-04-04 12:26:32,307-325-6124,(694)254-2164,2956,377.08
990,136,2024-04-09 12:35:03,2022-08-04 01:57:02,+1-196-076-9949x387,961.252.0488,3085,23.77
991,315,2023-10-29 14:44:49,2024-01-08 06:06:55,215.870.9979x710,692-341-6893x234,1506,119.27
992,324,2023-10-03 04:53:02,2022-05-04 13:45:26,001-301-770-8883x45039,(906)352-0513x477,2213,270.6
993,841,2022-01-19 12:43:59,2024-09-20 06:43:34,684.339.8762x316,001-584-802-3169,513,226.41
994,188,2022-09-26 09:49:47,2024-04-29 21:49:13,786-067-0566x627,336-919-8063x201,1313,97.36
995,524,2022-03-08 00:08:56,2024-09-06 15:28:38,001-494-530-8639x3726,745-399-0585x358,2422,164.22
996,910,2023-06-29 01:19:29,2024-02-03 11:23:09,001-786-951-8376x722,+1-940-368-5319x856,1136,157.54
997,420,2023-02-11 01:38:31,2022-05-02 05:05:19,719-728-0071x1085,(791)190-2624x52843,2221,247.54
998,566,2023-11-14 21:35:44,2024-04-14 15:05:33,381.381.5480x486,001-579-168-3204x8716,922,357.44
999,457,2024-03-13 11:18:39,2023-12-28 08:34:23,(499)983-5189x5621,605-546-5022x04645,90,440.44
1000,743,2021-10-25 23:07:45,2022-07-07 10:17:27,4029192811,6504625219,185,272.19
