purchase_id,customer_id,service_plan_id,purchase_date,amount_paid,payment_method
1,873,2,2020-04-11,267.23,Bank Transfer
2,820,4,2024-05-27,163.62,Bank Transfer
3,574,4,2021-08-23,346.5,Bank Transfer
4,514,1,2023-08-20,479.65,Credit Card
5,297,3,2024-06-03,287.21,PayPal
6,212,3,2022-01-02,395.5,PayPal
7,856,3,2023-03-16,142.17,Credit Card
8,298,1,2020-08-06,123.05,Credit Card
9,103,3,2022-06-19,398.96,Credit Card
10,196,2,2022-12-16,421.69,PayPal
11,987,4,2021-03-01,492.25,PayPal
12,175,4,2020-11-22,394.74,PayPal
13,715,2,2024-05-24,229.3,PayPal
14,88,1,2022-03-03,47,Bank Transfer
15,252,3,2020-03-23,126.85,PayPal
16,514,3,2024-06-08,321.96,Cash
17,919,1,2020-08-10,434.93,Cash
18,776,1,2024-08-02,453.3,Cash
19,547,3,2023-09-20,480.29,PayPal
20,529,1,2024-01-25,308.43,Credit Card
21,364,4,2022-07-22,158.41,PayPal
22,587,3,2024-10-10,292.52,Bank Transfer
23,601,3,2020-04-09,220.82,Bank Transfer
24,215,3,2022-02-07,34.8,Cash
25,55,1,2020-07-03,312.73,Bank Transfer
26,150,2,2023-06-04,153.11,Credit Card
27,384,3,2021-08-21,32.1,Credit Card
28,579,1,2022-07-28,38.98,PayPal
29,31,2,2023-07-21,110.16,Credit Card
30,597,1,2020-04-20,409.33,Cash
31,820,2,2021-11-29,421.03,PayPal
32,591,1,2023-06-30,153.52,Credit Card
33,419,1,2024-03-06,68.74,Credit Card
34,521,4,2022-06-23,399.58,Bank Transfer
35,274,4,2022-08-14,417.63,Bank Transfer
36,857,4,2020-07-06,277.79,PayPal
37,470,2,2022-08-13,100.16,Credit Card
38,614,1,2021-08-26,381.5,Cash
39,464,4,2021-05-25,149.27,Credit Card
40,131,1,2022-10-25,343.98,Credit Card
41,970,1,2022-05-26,135.84,Bank Transfer
42,965,2,2020-04-20,145.47,Bank Transfer
43,590,4,2021-01-27,282.54,Bank Transfer
44,830,1,2020-01-04,49.28,Bank Transfer
45,3,4,2021-11-15,496.78,Cash
46,285,1,2022-03-18,391.52,PayPal
47,708,1,2022-07-17,41.23,Cash
48,223,4,2020-08-27,153.92,Credit Card
49,349,4,2024-05-20,360.93,Credit Card
50,150,3,2020-07-22,479.61,Credit Card
51,698,1,2022-02-26,19.37,Credit Card
52,768,3,2021-02-19,67.15,PayPal
53,707,1,2024-05-09,408.28,Bank Transfer
54,196,1,2021-09-01,310.82,Bank Transfer
55,297,2,2020-12-05,355.52,Cash
56,477,2,2020-11-02,14.71,Bank Transfer
57,566,1,2021-03-31,270.94,PayPal
58,972,3,2020-09-19,256.37,Cash
59,703,3,2023-12-29,461.4,Credit Card
60,459,1,2022-10-10,447.8,Credit Card
61,845,4,2022-02-20,304.38,Cash
62,464,3,2020-08-20,332.54,Bank Transfer
63,444,4,2021-06-15,99.15,PayPal
64,372,4,2021-05-08,70.4,PayPal
65,42,4,2020-08-17,115.52,Cash
66,626,3,2022-07-02,94.88,Credit Card
67,154,3,2020-03-24,97.3,Credit Card
68,154,3,2022-11-13,240.35,PayPal
69,983,2,2022-02-22,338.81,Cash
70,798,4,2023-06-30,424.83,Bank Transfer
71,657,3,2023-02-14,421.6,Credit Card
72,280,1,2023-12-30,58.87,Bank Transfer
73,634,4,2024-08-16,324.59,Bank Transfer
74,27,3,2020-10-31,31.48,PayPal
75,990,1,2023-04-02,450.31,Credit Card
76,342,1,2023-04-10,168.51,Cash
77,58,4,2020-05-18,83.38,PayPal
78,800,1,2021-11-23,398.12,PayPal
79,415,2,2020-03-07,63.2,Bank Transfer
80,968,2,2023-10-14,28.03,Bank Transfer
81,927,4,2022-03-10,167.87,Credit Card
82,618,4,2020-02-08,77.64,Cash
83,606,4,2022-12-23,452.81,Bank Transfer
84,922,2,2020-09-16,269.27,Cash
85,172,1,2023-09-17,129.39,Credit Card
86,671,3,2021-09-23,180.23,Cash
87,680,1,2022-10-23,161.53,Bank Transfer
88,515,2,2024-07-15,456.77,Credit Card
89,750,4,2023-11-15,204.79,Bank Transfer
90,102,2,2020-05-16,208.5,Cash
91,479,3,2023-06-23,11.49,Credit Card
92,773,2,2021-12-25,140.93,Cash
93,228,3,2024-04-20,116.78,Bank Transfer
94,57,3,2020-01-18,413.23,PayPal
95,713,3,2021-01-08,448.52,Cash
96,590,4,2024-09-19,333.39,Cash
97,315,3,2022-05-11,126.81,Credit Card
98,629,1,2021-07-02,154.24,PayPal
99,656,4,2022-02-24,452.98,Cash
100,276,4,2023-09-12,105.83,Credit Card
101,988,2,2023-07-06,457.58,Bank Transfer
102,150,3,2022-07-18,119.49,Credit Card
103,452,1,2023-09-06,354.77,Cash
104,891,4,2021-12-28,452.69,PayPal
105,847,2,2024-05-31,51.66,Bank Transfer
106,981,3,2023-08-23,278.45,Bank Transfer
107,947,2,2021-08-04,288.63,Cash
108,204,3,2023-03-04,105.27,Cash
109,362,3,2021-01-22,404.61,PayPal
110,682,3,2024-10-22,268.25,PayPal
111,710,2,2021-03-30,442.22,Credit Card
112,757,3,2024-07-13,338.41,Credit Card
113,294,3,2021-06-05,322.12,PayPal
114,404,2,2022-08-05,362.63,Cash
115,40,3,2023-05-19,67.35,Bank Transfer
116,925,1,2020-08-05,92.72,Credit Card
117,395,2,2024-08-06,266.17,Cash
118,467,4,2022-03-08,400.47,Cash
119,140,4,2020-05-13,447.19,PayPal
120,929,1,2021-04-16,37.11,Bank Transfer
121,739,3,2024-09-25,175.01,Cash
122,586,1,2021-11-10,242.64,Bank Transfer
123,186,4,2021-02-15,392.39,Credit Card
124,242,3,2023-10-26,60.92,Credit Card
125,345,3,2021-04-18,478.89,Bank Transfer
126,340,2,2020-07-11,409.31,Cash
127,542,1,2021-04-17,285.28,Bank Transfer
128,911,3,2020-06-10,446.1,Credit Card
129,280,4,2023-10-07,386.94,PayPal
130,247,1,2024-11-04,135.33,Credit Card
131,442,2,2024-10-01,35,Credit Card
132,650,2,2020-12-10,163.87,Bank Transfer
133,335,2,2023-08-16,68.07,PayPal
134,38,3,2021-03-07,43.41,Bank Transfer
135,756,1,2024-09-26,186.43,Bank Transfer
136,717,2,2021-08-09,224.84,Bank Transfer
137,949,1,2024-02-04,107.59,Cash
138,980,2,2020-07-17,172.84,Bank Transfer
139,918,4,2022-10-09,318.81,Bank Transfer
140,159,1,2021-03-23,495.29,Cash
141,878,3,2022-09-07,324.61,PayPal
142,977,4,2024-11-11,498.85,PayPal
143,227,2,2024-06-19,369.22,PayPal
144,90,4,2022-06-21,91.81,PayPal
145,927,4,2024-01-18,20.45,Bank Transfer
146,787,1,2023-10-07,200.1,Credit Card
147,880,3,2021-09-01,53.7,PayPal
148,290,1,2023-05-10,217.52,Bank Transfer
149,96,1,2024-09-29,76.19,PayPal
150,208,2,2020-05-17,322.47,Credit Card
151,635,3,2024-08-09,44.92,PayPal
152,672,2,2020-10-19,323.55,Credit Card
153,398,4,2022-03-06,313.21,PayPal
154,576,1,2023-07-11,167.03,Cash
155,355,4,2020-06-11,279.97,Credit Card
156,490,1,2022-04-22,129.91,Cash
157,230,2,2020-07-02,100.51,Bank Transfer
158,565,2,2021-12-30,254.41,Credit Card
159,703,1,2021-09-06,130.1,Credit Card
160,783,2,2020-08-21,351.91,PayPal
161,751,1,2021-09-28,442.07,Cash
162,859,2,2020-02-27,250.59,PayPal
163,293,4,2023-09-12,61.07,Cash
164,216,2,2023-09-25,268.22,Cash
165,235,3,2022-07-11,342.95,Credit Card
166,833,3,2024-03-07,271.91,Cash
167,543,3,2024-01-28,251.07,Cash
168,8,2,2024-10-19,212.32,Credit Card
169,909,2,2021-01-25,161.49,Cash
170,988,2,2021-03-28,495.86,Credit Card
171,124,1,2023-06-07,247.42,Cash
172,629,1,2021-01-18,109.4,PayPal
173,965,3,2023-11-10,128.17,Cash
174,659,3,2023-02-20,476.64,Cash
175,276,2,2022-10-23,358.73,Credit Card
176,53,2,2021-07-04,47.09,Credit Card
177,238,2,2023-04-02,417.95,Bank Transfer
178,148,2,2021-07-08,192.31,Cash
179,812,4,2024-07-27,396.16,Credit Card
180,499,4,2021-02-28,263.68,PayPal
181,374,2,2022-02-10,69.59,Cash
182,169,3,2020-03-31,195.42,PayPal
183,223,2,2024-04-05,458.71,PayPal
184,376,1,2021-05-26,296.65,PayPal
185,639,3,2021-05-20,275.78,Credit Card
186,628,3,2022-01-17,166.63,Cash
187,759,4,2021-01-20,230.89,Cash
188,141,3,2021-12-13,10.83,Credit Card
189,785,2,2023-02-27,135.72,Credit Card
190,851,4,2023-07-10,368,Cash
191,277,2,2023-01-19,138.52,PayPal
192,111,4,2021-05-14,359.53,PayPal
193,598,4,2021-09-12,274.41,PayPal
194,638,4,2020-01-12,91.73,Credit Card
195,711,4,2023-03-10,351.8,Credit Card
196,175,3,2024-09-14,123.01,Bank Transfer
197,543,4,2023-05-09,173.11,Credit Card
198,902,2,2024-08-30,256.72,PayPal
199,794,1,2021-12-04,492.55,Credit Card
200,564,2,2020-06-01,148,Credit Card
201,816,1,2024-01-07,77.17,Bank Transfer
202,56,1,2023-10-14,484.17,Cash
203,899,1,2020-11-26,167.05,Credit Card
204,953,1,2020-01-11,14.35,Bank Transfer
205,908,4,2021-12-06,265.28,Bank Transfer
206,468,1,2022-01-08,208.99,PayPal
207,672,1,2024-10-13,90.61,Credit Card
208,439,3,2022-05-22,99.14,Credit Card
209,711,1,2023-01-21,39.47,Bank Transfer
210,555,4,2021-04-28,478.12,Cash
211,163,4,2024-06-11,175.49,Bank Transfer
212,995,1,2020-03-01,372.95,Bank Transfer
213,97,2,2023-03-25,218.19,PayPal
214,780,1,2020-02-04,427.95,Credit Card
215,909,1,2024-08-08,177.77,Bank Transfer
216,166,2,2021-06-13,202.8,PayPal
217,179,3,2024-01-24,410.7,Cash
218,861,4,2024-10-24,180.15,Cash
219,222,3,2023-05-27,274.3,PayPal
220,434,1,2021-02-10,471.38,Cash
221,187,2,2020-06-29,250.24,Bank Transfer
222,163,1,2022-11-13,14.89,PayPal
223,328,4,2024-03-06,240.34,Bank Transfer
224,848,4,2024-10-07,376.25,PayPal
225,976,3,2024-11-02,143.62,PayPal
226,725,1,2023-07-30,378.76,Bank Transfer
227,535,3,2022-07-24,420.58,Bank Transfer
228,809,4,2023-06-26,214.96,PayPal
229,173,2,2024-02-05,445.83,Cash
230,928,1,2023-12-26,88.15,PayPal
231,874,1,2020-02-09,266.88,Cash
232,335,2,2020-06-12,393.91,Credit Card
233,724,2,2023-12-26,390.24,Credit Card
234,102,2,2023-05-27,413.13,Bank Transfer
235,274,2,2020-03-15,114.02,PayPal
236,659,3,2023-06-11,357.7,Bank Transfer
237,307,3,2022-05-10,324.98,PayPal
238,954,4,2022-03-06,431.4,PayPal
239,445,3,2022-09-03,499.11,Credit Card
240,735,1,2020-01-28,369.26,PayPal
241,295,2,2023-10-13,34.7,Cash
242,395,3,2023-12-19,216.94,Credit Card
243,565,1,2023-04-02,131.89,Bank Transfer
244,577,4,2022-08-11,345.77,Credit Card
245,259,2,2024-11-06,156.45,Credit Card
246,706,1,2024-10-28,67.85,Bank Transfer
247,453,2,2022-09-18,159.47,Bank Transfer
248,111,2,2023-01-25,187.86,PayPal
249,102,2,2022-04-23,372.82,PayPal
250,155,3,2020-12-30,227.07,PayPal
251,221,1,2021-03-03,114.17,Credit Card
252,742,3,2020-02-23,304.91,Cash
253,803,2,2021-07-21,360.54,Cash
254,890,2,2020-09-26,204.14,Credit Card
255,243,2,2024-09-17,460.51,Credit Card
256,919,3,2024-12-26,113.76,Bank Transfer
257,82,2,2021-09-29,498.81,PayPal
258,59,3,2024-07-29,183.34,Cash
259,550,3,2022-09-17,361.34,Credit Card
260,845,4,2023-02-20,255.75,Cash
261,141,4,2022-12-26,81.51,PayPal
262,561,3,2024-03-08,330.24,Cash
263,928,2,2020-07-30,305.76,PayPal
264,11,1,2021-10-17,91.71,Bank Transfer
265,420,4,2021-12-19,318.7,Cash
266,579,2,2023-01-18,324.25,PayPal
267,275,4,2023-11-20,149.29,PayPal
268,958,4,2023-05-18,145.08,Bank Transfer
269,589,3,2021-02-28,412.92,Cash
270,210,3,2022-03-13,82.82,PayPal
271,621,2,2020-03-31,201.22,PayPal
272,708,2,2024-08-22,150.66,Credit Card
273,706,1,2020-06-20,89.96,PayPal
274,836,2,2021-01-22,373.04,PayPal
275,629,3,2022-11-14,362.14,Cash
276,962,4,2020-02-06,99.47,Cash
277,329,2,2023-06-23,21.74,Bank Transfer
278,799,1,2020-07-07,314.75,Bank Transfer
279,792,2,2022-07-08,138.62,PayPal
280,528,3,2021-01-15,179.09,Bank Transfer
281,574,3,2023-04-13,20.51,Credit Card
282,584,3,2023-05-14,199.31,PayPal
283,607,2,2023-08-02,31.04,Bank Transfer
284,881,2,2020-12-29,423.91,PayPal
285,152,3,2024-11-17,353.87,PayPal
286,730,2,2020-08-11,220.04,Credit Card
287,317,4,2022-06-20,261.04,PayPal
288,746,1,2021-07-06,454.84,Cash
289,910,4,2023-06-06,319.44,Bank Transfer
290,733,1,2020-06-20,278.78,Bank Transfer
291,856,1,2022-08-18,428.34,Cash
292,483,1,2021-12-08,12.93,Bank Transfer
293,188,2,2020-04-18,238.89,Credit Card
294,372,1,2020-08-26,108.75,Credit Card
295,222,3,2022-03-12,378.8,Credit Card
296,178,2,2020-06-27,437.43,Cash
297,294,3,2022-05-24,349.33,Credit Card
298,487,4,2020-08-09,467.41,Cash
299,660,2,2024-09-09,32.24,Credit Card
300,227,4,2022-10-08,176.07,Cash
301,668,2,2020-03-05,477.35,Cash
302,653,2,2024-07-07,219.59,PayPal
303,997,4,2022-12-19,205.64,PayPal
304,645,2,2022-04-30,116.95,Credit Card
305,303,2,2023-02-25,93.54,Cash
306,677,4,2020-12-14,148.97,Credit Card
307,11,3,2024-04-02,241.81,Cash
308,170,3,2020-07-07,357.13,Credit Card
309,660,2,2021-04-03,298.86,Credit Card
310,212,2,2021-08-05,468.3,Bank Transfer
311,118,2,2021-01-09,426.86,Bank Transfer
312,218,1,2020-08-15,270.61,Cash
313,744,4,2024-08-26,181.83,Credit Card
314,744,2,2023-09-27,147.2,Cash
315,971,1,2020-10-30,344.32,Credit Card
316,405,4,2023-03-20,303.04,Credit Card
317,513,4,2021-03-15,270.31,Credit Card
318,931,2,2024-02-06,252.66,Credit Card
319,284,4,2022-01-24,436.26,Bank Transfer
320,240,2,2022-09-20,168.4,Bank Transfer
321,575,1,2022-01-15,288.79,PayPal
322,881,2,2021-12-27,259.16,Cash
323,356,4,2021-12-01,284.3,PayPal
324,550,4,2024-02-18,447.35,Cash
325,193,2,2022-04-16,63.41,Bank Transfer
326,370,4,2021-09-19,302.34,Bank Transfer
327,227,4,2023-01-06,172.34,PayPal
328,852,3,2021-10-21,96.63,Cash
329,19,3,2020-08-16,310.15,Bank Transfer
330,430,1,2024-09-02,65.72,Credit Card
331,547,3,2022-09-06,333.18,Bank Transfer
332,222,3,2023-09-16,391.23,PayPal
333,765,3,2024-05-09,112.82,Cash
334,65,3,2021-06-19,480.29,PayPal
335,936,4,2022-06-16,415.13,Bank Transfer
336,331,2,2022-07-16,260.98,PayPal
337,522,1,2022-09-22,412.79,PayPal
338,153,3,2022-12-02,461.56,Cash
339,281,3,2024-01-07,408.98,PayPal
340,93,3,2023-12-06,360.96,PayPal
341,516,1,2024-09-11,210.19,Cash
342,860,4,2020-04-24,372.84,Credit Card
343,229,2,2024-05-29,181.79,Credit Card
344,114,4,2023-02-05,205.76,PayPal
345,869,3,2020-02-25,129.95,Cash
346,974,2,2023-07-08,332.39,Credit Card
347,66,2,2023-04-14,441.5,Bank Transfer
348,944,3,2023-09-11,164.31,Bank Transfer
349,787,4,2023-08-21,394.67,PayPal
350,418,3,2022-12-26,363.11,Cash
351,705,4,2021-11-24,285.85,Credit Card
352,360,2,2020-08-11,216.98,Cash
353,798,3,2021-12-25,94.66,Bank Transfer
354,351,4,2023-09-08,310.46,Cash
355,872,4,2020-01-23,100.62,Cash
356,791,4,2023-02-09,131.07,Credit Card
357,398,1,2024-06-23,366.58,Cash
358,598,1,2024-08-02,374.1,PayPal
359,50,3,2021-05-18,462.6,Credit Card
360,588,3,2020-01-14,232.46,PayPal
361,890,3,2021-03-12,334.03,Cash
362,808,4,2022-09-05,63.81,Bank Transfer
363,258,3,2021-05-07,432.11,Credit Card
364,970,2,2022-10-08,77.08,Cash
365,901,3,2023-02-11,167.49,Credit Card
366,236,3,2024-11-19,472.93,Bank Transfer
367,3,1,2020-02-12,107.19,Bank Transfer
368,532,3,2020-10-08,167.52,Bank Transfer
369,139,3,2023-11-18,222.61,Cash
370,877,3,2023-08-12,366.07,Cash
371,429,1,2020-06-28,102.25,Cash
372,936,4,2020-04-13,14.38,Credit Card
373,542,2,2024-12-22,464.99,Credit Card
374,678,4,2024-09-01,306.79,Cash
375,731,3,2023-11-13,10.52,Cash
376,715,4,2020-06-13,71.78,Cash
377,740,2,2021-04-16,287.15,Bank Transfer
378,527,4,2023-12-27,72.18,Credit Card
379,145,3,2021-06-14,21.31,Bank Transfer
380,379,4,2023-03-26,372.97,Credit Card
381,918,3,2021-09-14,99.99,Cash
382,757,4,2021-01-19,470.75,Credit Card
383,404,4,2024-12-17,436.47,Credit Card
384,985,2,2022-05-21,408.48,PayPal
385,955,3,2021-08-15,165.69,Cash
386,702,2,2023-12-01,418.63,Cash
387,656,3,2022-02-02,348.66,Credit Card
388,418,4,2022-03-11,363.16,Credit Card
389,457,2,2021-08-18,36.24,Cash
390,57,3,2023-02-16,109.28,Credit Card
391,35,1,2023-03-27,186.53,Bank Transfer
392,232,1,2021-01-05,372.24,Bank Transfer
393,602,4,2024-12-19,155.11,PayPal
394,846,3,2023-02-12,110.09,Cash
395,320,1,2020-03-27,216.1,PayPal
396,518,3,2022-12-25,248.21,PayPal
397,498,2,2024-01-17,143.87,Credit Card
398,636,4,2024-11-27,336.01,Bank Transfer
399,941,4,2022-11-04,88.73,Cash
400,900,3,2023-05-08,66.68,Credit Card
401,734,1,2020-11-29,486.94,Cash
402,987,3,2022-05-07,291.61,PayPal
403,861,2,2021-07-24,164.67,Credit Card
404,243,3,2024-08-25,244.99,Credit Card
405,811,3,2021-03-07,37.39,Credit Card
406,629,3,2020-06-19,189.43,PayPal
407,636,3,2024-09-28,180.85,Cash
408,566,1,2023-03-07,433.85,Credit Card
409,47,1,2023-12-16,19.76,Credit Card
410,790,2,2020-09-10,376.3,Credit Card
411,187,2,2024-05-26,469.58,PayPal
412,459,3,2021-08-23,184.08,PayPal
413,468,3,2023-06-22,251.48,Bank Transfer
414,236,3,2020-02-14,376.66,Bank Transfer
415,924,1,2020-01-26,223.2,PayPal
416,13,2,2020-06-30,39.15,Bank Transfer
417,956,2,2021-08-06,102.12,Cash
418,499,3,2022-10-17,82.7,Bank Transfer
419,579,3,2022-04-20,409.01,Bank Transfer
420,34,4,2024-08-12,425.16,Cash
421,944,2,2023-02-06,492.79,Cash
422,662,2,2023-02-20,92.9,Cash
423,498,4,2020-09-30,439.32,PayPal
424,254,4,2020-09-16,464.18,Bank Transfer
425,533,2,2023-01-18,305.86,Bank Transfer
426,386,1,2023-03-06,167.56,Credit Card
427,136,2,2023-05-13,175.31,Credit Card
428,539,1,2024-03-06,329.35,Bank Transfer
429,899,4,2023-08-05,189.53,Bank Transfer
430,628,4,2021-06-07,128.9,PayPal
431,379,1,2023-07-15,61.41,Bank Transfer
432,561,1,2024-10-20,426.19,PayPal
433,685,1,2021-05-21,198.04,Cash
434,922,2,2023-03-27,370.54,PayPal
435,920,2,2020-01-27,56.9,Bank Transfer
436,924,2,2024-11-24,36.97,Credit Card
437,359,3,2021-08-27,425.99,PayPal
438,302,3,2022-12-19,420.54,PayPal
439,481,4,2024-05-03,405.44,PayPal
440,742,1,2021-02-03,104.39,Cash
441,187,4,2020-01-27,316.96,Bank Transfer
442,509,2,2020-12-22,90.46,PayPal
443,357,4,2020-12-28,205.93,Cash
444,128,3,2021-01-21,135.88,Credit Card
445,474,2,2023-12-28,44.54,PayPal
446,360,4,2024-07-22,125.22,Bank Transfer
447,475,2,2024-02-10,428.45,Credit Card
448,110,4,2020-09-04,282.38,Cash
449,80,1,2023-02-23,239.3,Credit Card
450,413,3,2024-05-08,201.79,Cash
451,822,1,2023-07-11,191.99,Bank Transfer
452,731,4,2023-10-05,206.26,Credit Card
453,83,4,2024-10-27,128.81,Credit Card
454,225,1,2023-10-02,268.87,Bank Transfer
455,664,4,2023-06-04,335.31,PayPal
456,177,1,2020-08-16,229.07,Credit Card
457,666,3,2023-03-14,109.32,Cash
458,93,1,2023-02-06,332.88,Cash
459,252,1,2021-06-13,286.46,PayPal
460,838,4,2024-02-22,472.3,Bank Transfer
461,586,4,2020-04-23,27.4,Cash
462,977,3,2022-04-24,19.84,PayPal
463,887,4,2023-06-20,225.48,Credit Card
464,202,2,2024-07-09,457.03,Cash
465,527,2,2022-06-26,425.22,Bank Transfer
466,37,4,2020-03-26,122.03,PayPal
467,931,3,2021-03-20,148.33,PayPal
468,352,2,2022-01-05,14.74,Cash
469,634,3,2020-10-12,52.49,Bank Transfer
470,228,3,2020-05-25,298.81,Credit Card
471,256,1,2020-06-20,294.57,Credit Card
472,23,4,2024-06-14,414.93,Cash
473,239,1,2024-12-20,64.43,Credit Card
474,91,1,2023-05-04,18.59,PayPal
475,850,1,2024-06-05,436.46,Bank Transfer
476,260,3,2023-09-13,316.64,Credit Card
477,712,1,2020-05-20,423.51,Bank Transfer
478,971,3,2020-12-05,163.55,Cash
479,734,3,2024-01-03,232.75,PayPal
480,423,4,2024-01-12,127.29,PayPal
481,150,1,2023-01-10,467.21,Credit Card
482,356,1,2020-09-20,31.8,Cash
483,177,1,2020-04-05,314.94,Cash
484,532,1,2022-07-02,225.11,Cash
485,989,1,2021-08-28,485.52,PayPal
486,301,2,2021-12-24,254.33,PayPal
487,81,4,2023-02-11,367.48,Cash
488,481,1,2020-11-20,417.86,Credit Card
489,119,1,2021-01-24,275.2,Bank Transfer
490,816,1,2023-12-25,201.39,Bank Transfer
491,783,1,2022-08-13,464.56,Credit Card
492,605,2,2021-06-08,347.32,PayPal
493,435,3,2024-01-29,391.44,PayPal
494,72,1,2022-10-23,441.36,PayPal
495,35,3,2024-05-10,315.1,Cash
496,390,4,2023-03-09,179.79,Credit Card
497,759,3,2022-12-03,178.77,Bank Transfer
498,77,3,2020-04-14,345.19,PayPal
499,108,2,2021-07-01,334.52,PayPal
500,488,1,2021-07-28,138.25,Cash
501,964,3,2021-03-05,220.19,Credit Card
502,178,3,2020-06-29,458.13,Credit Card
503,971,3,2020-05-09,166.25,Bank Transfer
504,852,3,2024-05-31,492.78,PayPal
505,480,4,2022-01-18,415.2,Cash
506,633,2,2024-04-13,195.82,Cash
507,491,2,2022-07-05,476.62,PayPal
508,386,4,2021-12-19,81.07,PayPal
509,284,1,2022-06-16,397.54,Cash
510,961,2,2024-09-30,434,PayPal
511,253,3,2021-04-18,442.17,PayPal
512,146,3,2022-12-20,80.54,Credit Card
513,110,1,2020-10-27,162.02,Cash
514,250,4,2020-11-10,498.12,Credit Card
515,583,2,2020-09-01,338.24,Cash
516,213,3,2020-08-12,352.65,PayPal
517,509,1,2022-04-02,88.18,Cash
518,853,1,2021-08-27,83.81,Bank Transfer
519,367,2,2024-09-27,250.21,Bank Transfer
520,235,4,2023-06-26,381.81,Bank Transfer
521,68,2,2022-03-18,303.97,Cash
522,377,2,2024-02-07,292.08,Credit Card
523,152,1,2022-01-31,132.89,PayPal
524,841,3,2023-02-02,139.4,Cash
525,399,4,2021-06-23,446.38,Cash
526,729,3,2020-06-22,262.25,Bank Transfer
527,786,1,2021-03-21,214.71,Bank Transfer
528,413,3,2022-09-10,150.81,PayPal
529,937,3,2023-11-13,151.68,Credit Card
530,951,2,2024-04-26,333.67,Bank Transfer
531,481,4,2021-07-28,143.75,Credit Card
532,801,1,2021-11-24,194.82,PayPal
533,874,1,2021-01-15,270.41,PayPal
534,389,3,2020-02-28,71.83,PayPal
535,611,2,2024-03-01,275.4,Bank Transfer
536,82,2,2024-04-28,11.76,PayPal
537,956,2,2020-05-18,132.97,Credit Card
538,973,1,2024-05-29,303.93,PayPal
539,463,2,2023-07-08,382.81,PayPal
540,729,1,2020-01-24,63.27,PayPal
541,495,4,2022-05-22,458.53,Credit Card
542,322,4,2023-10-02,430.15,PayPal
543,345,4,2022-10-20,224.75,Credit Card
544,577,1,2022-03-03,346.89,PayPal
545,800,2,2022-01-12,404.35,Credit Card
546,437,1,2020-09-01,372.86,Cash
547,496,4,2024-08-25,444.01,Credit Card
548,737,4,2024-07-17,55.22,Credit Card
549,144,1,2024-05-31,84.27,PayPal
550,804,4,2021-05-28,75.16,PayPal
551,856,3,2024-09-23,278.96,Bank Transfer
552,912,3,2024-07-18,376.44,Cash
553,678,3,2022-04-23,193.95,PayPal
554,842,3,2023-05-26,44.55,PayPal
555,521,4,2023-01-18,324.46,Bank Transfer
556,980,1,2022-12-04,428.45,PayPal
557,455,4,2020-04-05,207.93,Cash
558,630,2,2020-02-28,99.25,Credit Card
559,899,2,2024-10-15,397.24,Credit Card
560,676,2,2020-07-23,369.53,Cash
561,700,4,2021-03-14,450.02,Cash
562,348,2,2023-04-02,159.99,Cash
563,250,1,2024-10-20,18.08,Cash
564,16,4,2023-10-10,280.65,Credit Card
565,698,4,2020-07-29,234.49,Cash
566,25,1,2020-04-03,381.46,PayPal
567,36,1,2020-03-11,383.99,Bank Transfer
568,334,2,2021-01-05,28.92,Bank Transfer
569,800,4,2021-12-20,67.26,Cash
570,705,4,2024-01-23,306.3,PayPal
571,744,1,2022-10-25,352.17,Bank Transfer
572,491,2,2023-01-29,213.4,PayPal
573,653,2,2023-06-27,409.13,PayPal
574,63,1,2024-03-14,477.56,Cash
575,737,4,2024-10-23,289.37,Credit Card
576,993,4,2024-03-04,430.99,PayPal
577,657,4,2020-11-15,463.14,Bank Transfer
578,699,2,2021-07-21,54.69,Bank Transfer
579,913,3,2020-05-04,347.08,Credit Card
580,164,1,2020-08-02,140.46,PayPal
581,282,2,2021-06-02,392.68,Credit Card
582,893,4,2023-06-09,422.33,Bank Transfer
583,253,4,2024-09-20,36.77,Credit Card
584,558,3,2022-08-03,184.6,Cash
585,216,1,2020-10-16,258.64,Credit Card
586,506,4,2024-09-06,367.59,PayPal
587,762,4,2024-07-24,82.2,Cash
588,857,1,2021-10-04,32.05,Bank Transfer
589,116,1,2023-06-17,196.86,Credit Card
590,640,1,2023-12-08,478.18,PayPal
591,754,1,2021-04-23,348.37,PayPal
592,385,1,2023-01-05,248.47,PayPal
593,905,1,2024-07-20,420.71,Credit Card
594,751,2,2022-07-15,283.49,Credit Card
595,721,3,2021-08-20,74.18,Cash
596,494,2,2024-01-19,51.52,Cash
597,403,4,2024-11-13,64.98,PayPal
598,498,2,2021-04-25,240.77,Credit Card
599,626,3,2023-02-05,281.89,Bank Transfer
600,991,2,2023-05-18,270.2,Bank Transfer
601,665,2,2020-07-16,49.81,Cash
602,852,2,2023-08-02,49.29,Cash
603,506,1,2020-07-19,488.22,PayPal
604,707,1,2020-09-23,408.58,Bank Transfer
605,657,4,2021-07-15,72.7,Bank Transfer
606,521,3,2024-10-21,395.48,Bank Transfer
607,117,3,2024-11-10,443.45,Credit Card
608,32,4,2024-02-26,348.08,Bank Transfer
609,564,1,2023-01-08,465.2,Credit Card
610,975,3,2024-04-14,241.73,PayPal
611,173,3,2020-05-22,271.46,Cash
612,8,2,2022-04-26,205.62,Cash
613,746,3,2023-08-19,119.11,PayPal
614,783,2,2022-01-09,71.49,Cash
615,280,1,2022-07-10,430.16,Cash
616,379,4,2022-04-19,325.51,Bank Transfer
617,530,4,2020-01-14,12.62,Bank Transfer
618,19,1,2023-10-15,324.42,Credit Card
619,354,1,2023-07-19,288.84,Credit Card
620,110,2,2023-10-14,75.01,Bank Transfer
621,332,1,2023-04-25,174.52,Cash
622,334,1,2020-12-12,171.64,Credit Card
623,911,4,2020-10-12,56.37,Credit Card
624,950,3,2021-01-13,217.72,Credit Card
625,906,2,2020-09-25,161.92,Credit Card
626,437,1,2020-06-17,433.85,Credit Card
627,60,3,2021-10-18,184.69,Credit Card
628,995,1,2021-04-04,267.58,Credit Card
629,279,1,2022-12-05,57.98,Credit Card
630,13,1,2021-02-05,102.43,Credit Card
631,973,2,2023-03-12,89.87,Credit Card
632,693,1,2022-08-16,125.18,Bank Transfer
633,280,4,2020-03-19,378.26,PayPal
634,547,1,2021-02-08,98.47,PayPal
635,155,1,2021-07-19,36.76,PayPal
636,493,1,2021-05-09,51.18,Bank Transfer
637,313,3,2023-04-18,145.71,Cash
638,655,3,2024-08-12,108.1,Credit Card
639,686,1,2022-07-26,135.09,Credit Card
640,482,1,2020-05-25,93.75,Cash
641,192,2,2021-03-29,437.97,Credit Card
642,533,4,2022-03-27,351.22,Bank Transfer
643,289,4,2024-01-17,342.72,Credit Card
644,677,2,2024-03-21,49.48,Bank Transfer
645,805,1,2024-04-13,297.09,PayPal
646,393,3,2023-05-19,231.35,Bank Transfer
647,824,3,2022-09-17,103.72,Bank Transfer
648,750,3,2023-04-28,77.5,Cash
649,559,3,2020-04-28,433.4,Cash
650,562,3,2024-08-31,489.95,PayPal
651,132,2,2021-03-13,479.58,Bank Transfer
652,905,2,2021-09-24,403.7,Cash
653,128,1,2021-05-23,101.67,Bank Transfer
654,317,1,2022-06-26,448.22,PayPal
655,90,4,2021-06-15,70.37,Credit Card
656,997,1,2022-03-18,166.86,Credit Card
657,421,4,2021-02-16,207.97,Bank Transfer
658,900,4,2021-06-02,455.7,Cash
659,740,2,2021-10-05,344.34,Credit Card
660,912,1,2021-12-31,413.72,Cash
661,263,1,2024-06-04,304.42,Credit Card
662,368,1,2021-12-09,169.29,Bank Transfer
663,675,4,2020-12-12,135.59,PayPal
664,549,1,2020-09-17,75.9,Bank Transfer
665,473,1,2024-12-05,174.25,Bank Transfer
666,533,3,2020-12-20,190.8,PayPal
667,587,2,2024-03-30,368.75,Bank Transfer
668,908,1,2022-01-21,362.85,PayPal
669,204,1,2024-02-24,341.16,PayPal
670,697,3,2022-07-19,231.72,PayPal
671,161,3,2020-03-02,499.17,Cash
672,103,4,2024-10-02,145.32,Bank Transfer
673,171,4,2021-10-17,20.89,Bank Transfer
674,454,1,2023-03-22,94.12,PayPal
675,68,3,2022-01-02,293.17,PayPal
676,433,1,2022-04-24,170.55,Credit Card
677,517,2,2020-02-21,56.48,Bank Transfer
678,57,2,2022-07-04,361.16,PayPal
679,731,3,2020-12-26,379.68,Cash
680,560,4,2020-10-29,472.08,PayPal
681,333,3,2024-09-23,47.52,Bank Transfer
682,997,4,2021-07-12,368.02,PayPal
683,96,2,2023-08-20,160.19,Cash
684,218,2,2022-05-29,55.7,Bank Transfer
685,686,4,2021-05-13,53.79,Cash
686,31,1,2024-10-26,406.86,Bank Transfer
687,605,4,2023-11-28,82.14,Credit Card
688,294,2,2020-09-03,265.25,Credit Card
689,262,1,2022-01-20,345.06,Credit Card
690,526,1,2024-01-08,102.87,Bank Transfer
691,827,3,2020-05-31,266.34,Bank Transfer
692,918,3,2021-07-30,422.02,PayPal
693,379,3,2024-10-03,292.29,Bank Transfer
694,791,3,2023-08-04,338.85,Cash
695,803,4,2021-07-18,172.15,Bank Transfer
696,887,3,2020-08-14,351.75,PayPal
697,386,1,2021-04-07,331.1,Bank Transfer
698,722,3,2024-06-29,395.98,Cash
699,670,1,2022-07-01,342.3,PayPal
700,900,2,2024-02-22,142.65,Bank Transfer
701,381,1,2021-11-09,152.12,Cash
702,438,2,2023-02-03,284.78,PayPal
703,797,4,2020-07-05,206.09,Bank Transfer
704,284,4,2024-05-05,396.64,Bank Transfer
705,121,2,2022-11-26,423.89,PayPal
706,643,2,2022-05-07,355.88,Cash
707,460,2,2020-06-15,297.76,Credit Card
708,222,4,2023-08-25,185.18,Credit Card
709,396,1,2024-05-19,222.07,Bank Transfer
710,250,1,2021-01-29,370.27,PayPal
711,508,2,2024-08-26,471.96,Cash
712,694,4,2024-07-12,493.19,PayPal
713,166,1,2020-08-17,168.27,PayPal
714,929,3,2020-11-30,487.9,Cash
715,438,4,2021-05-13,393.56,Bank Transfer
716,84,1,2021-05-25,462.66,PayPal
717,689,3,2022-06-30,128.47,Cash
718,717,2,2023-07-11,194.88,Credit Card
719,507,2,2020-12-07,53.18,PayPal
720,101,1,2021-03-03,65.76,Credit Card
721,116,2,2024-08-12,22.89,PayPal
722,236,2,2023-05-26,17.02,Cash
723,879,1,2022-03-10,376.1,Credit Card
724,128,4,2020-04-21,432.73,Cash
725,271,1,2020-06-19,377.68,Cash
726,18,3,2023-07-10,327.83,PayPal
727,155,4,2023-12-17,97.86,Cash
728,301,2,2024-05-01,375.76,Bank Transfer
729,814,3,2023-04-15,189.42,Bank Transfer
730,358,4,2023-06-27,319.48,PayPal
731,522,2,2023-10-14,265.04,Bank Transfer
732,334,2,2021-11-15,247.44,Bank Transfer
733,378,1,2023-05-19,439.63,PayPal
734,263,4,2021-02-12,253.88,PayPal
735,270,4,2020-12-19,336.93,Bank Transfer
736,360,2,2020-10-25,405.56,Credit Card
737,172,2,2022-06-03,179.85,Bank Transfer
738,249,3,2024-01-22,328.52,Bank Transfer
739,632,2,2023-02-09,101.12,Bank Transfer
740,324,4,2021-09-11,34.75,Bank Transfer
741,112,1,2022-03-18,248.81,Bank Transfer
742,87,4,2021-10-02,383.91,Bank Transfer
743,341,1,2022-03-19,290.69,Credit Card
744,155,3,2020-07-01,458.02,Credit Card
745,770,3,2024-02-25,443.33,PayPal
746,478,4,2024-12-24,476.31,PayPal
747,590,2,2021-06-07,433.96,Bank Transfer
748,556,2,2021-10-29,440.35,PayPal
749,911,1,2020-01-06,16.62,Cash
750,963,2,2021-01-17,448.94,Bank Transfer
751,343,4,2022-03-21,414.36,Cash
752,769,4,2021-09-25,457.48,PayPal
753,253,4,2020-08-18,269.67,PayPal
754,14,1,2020-05-25,251.78,PayPal
755,113,3,2021-05-23,369.35,PayPal
756,516,3,2020-11-10,488.05,Cash
757,287,1,2023-05-02,197.15,Cash
758,88,4,2022-07-26,104.62,PayPal
759,827,1,2024-03-21,105.68,Bank Transfer
760,624,2,2022-05-06,424.79,PayPal
761,6,1,2022-01-02,466.46,Credit Card
762,396,4,2024-10-28,381.82,Bank Transfer
763,365,4,2023-06-26,395.75,Cash
764,500,2,2023-03-18,174.21,Cash
765,655,4,2020-08-20,121.03,PayPal
766,897,4,2024-05-24,242.12,PayPal
767,199,3,2024-07-04,398.89,Credit Card
768,594,4,2024-11-27,281.99,Credit Card
769,702,2,2022-02-21,444.52,Cash
770,998,4,2022-02-11,59.84,Credit Card
771,110,3,2024-06-27,155.33,PayPal
772,856,4,2021-08-01,109.61,Bank Transfer
773,506,1,2021-12-14,139.83,Credit Card
774,957,4,2020-05-15,166.38,Credit Card
775,225,4,2022-06-23,298.74,Credit Card
776,2,3,2021-12-02,180.49,Bank Transfer
777,716,1,2023-08-14,387.18,Bank Transfer
778,458,4,2024-10-13,101.04,Cash
779,200,1,2021-01-21,201.61,Credit Card
780,401,1,2022-03-04,371.93,Cash
781,67,1,2024-12-23,195.56,Cash
782,308,1,2022-06-05,216.53,Credit Card
783,157,3,2020-07-01,239.12,Bank Transfer
784,674,4,2021-06-17,470.73,Credit Card
785,23,2,2024-09-10,315.69,Bank Transfer
786,892,2,2024-07-14,394.72,Bank Transfer
787,277,1,2023-05-09,234.49,Credit Card
788,331,4,2020-08-31,389.68,Credit Card
789,621,1,2024-09-26,201.51,Bank Transfer
790,249,3,2022-07-03,472.84,Cash
791,456,3,2024-02-07,39.82,Cash
792,887,4,2023-04-13,33.66,Credit Card
793,153,4,2020-03-17,254.5,Cash
794,157,4,2023-11-16,166.2,Bank Transfer
795,149,1,2021-10-31,198.3,PayPal
796,680,4,2020-10-04,404.23,Credit Card
797,732,1,2023-05-01,65.64,Cash
798,528,2,2020-10-17,208.5,Bank Transfer
799,675,3,2023-06-05,251.28,PayPal
800,632,3,2020-01-07,322,Bank Transfer
801,143,1,2020-11-08,163.12,Bank Transfer
802,733,3,2023-09-16,258.99,Cash
803,673,2,2020-02-11,355.29,Bank Transfer
804,663,1,2021-10-24,289.49,Bank Transfer
805,152,3,2020-03-11,170.62,Credit Card
806,350,3,2024-07-14,329.26,Bank Transfer
807,49,1,2022-04-09,383.6,Cash
808,995,3,2021-05-13,145.9,Bank Transfer
809,460,3,2022-03-13,337.76,PayPal
810,608,1,2020-01-31,361.16,PayPal
811,733,4,2024-08-17,47.83,Cash
812,775,3,2020-09-02,345.12,PayPal
813,973,4,2022-10-28,225.25,PayPal
814,500,3,2021-11-19,42.24,Bank Transfer
815,341,1,2022-04-17,261.09,Cash
816,190,4,2020-11-15,77.45,Credit Card
817,507,1,2023-05-20,152.24,PayPal
818,32,3,2023-02-27,196.74,Credit Card
819,664,4,2021-10-19,108.75,Credit Card
820,898,2,2024-11-26,347.11,Bank Transfer
821,967,2,2020-11-04,87.62,Bank Transfer
822,449,4,2022-04-17,58.63,Credit Card
823,798,1,2024-12-20,452.56,Bank Transfer
824,115,1,2022-05-30,177.16,Credit Card
825,954,2,2023-08-06,425.44,PayPal
826,796,4,2024-02-04,94.01,Cash
827,710,2,2020-08-13,203.25,PayPal
828,294,3,2022-02-05,219.52,Cash
829,558,4,2020-11-11,285.49,Cash
830,999,2,2023-07-01,41.07,Bank Transfer
831,339,4,2023-12-08,153.26,PayPal
832,825,1,2024-12-08,65.49,Cash
833,841,1,2024-12-23,378.75,Credit Card
834,886,1,2023-05-31,167.17,Cash
835,980,4,2024-09-18,251.24,PayPal
836,362,4,2020-12-28,279.7,PayPal
837,461,4,2024-06-29,71.35,Bank Transfer
838,808,1,2023-07-17,271.18,Cash
839,921,1,2022-05-06,351.47,Credit Card
840,337,4,2024-01-02,217.2,PayPal
841,898,3,2024-05-06,128.38,Cash
842,5,2,2023-12-19,137.7,PayPal
843,510,3,2021-08-30,499.43,Credit Card
844,609,1,2023-08-03,87.27,Credit Card
845,912,2,2021-12-04,88.91,Cash
846,796,3,2024-05-20,228.14,PayPal
847,117,1,2020-12-16,398.28,Credit Card
848,799,3,2022-11-30,486.63,Cash
849,20,4,2020-02-05,391.09,Bank Transfer
850,370,2,2022-04-26,439.97,Cash
851,478,3,2020-12-26,55.46,Bank Transfer
852,16,2,2021-01-24,56.71,Credit Card
853,741,3,2020-09-11,490.28,Cash
854,563,2,2023-03-14,351.62,Bank Transfer
855,359,2,2023-05-16,459.89,Bank Transfer
856,242,3,2023-06-19,38.12,Bank Transfer
857,215,1,2020-07-25,218.78,Cash
858,413,3,2023-04-04,195.88,PayPal
859,701,4,2024-09-08,112.17,PayPal
860,560,4,2021-02-22,38.82,Bank Transfer
861,252,1,2024-10-19,491.55,PayPal
862,157,1,2022-05-19,115.51,PayPal
863,754,2,2020-04-03,193.93,Bank Transfer
864,595,2,2023-09-05,377.54,Bank Transfer
865,765,4,2021-11-08,272.48,Bank Transfer
866,74,2,2021-03-17,451.02,Credit Card
867,178,1,2024-08-21,291.65,Credit Card
868,855,1,2023-11-18,26.47,Cash
869,493,2,2024-06-05,256.04,PayPal
870,819,4,2023-12-13,489.37,Cash
871,226,4,2024-01-13,243.2,PayPal
872,932,3,2021-06-14,138.29,PayPal
873,339,1,2023-03-10,215.07,Credit Card
874,322,1,2020-01-13,318.72,PayPal
875,2,1,2023-01-04,378,Cash
876,325,2,2020-05-21,194.85,Cash
877,850,4,2021-06-25,189.25,Credit Card
878,781,2,2023-12-28,17.26,PayPal
879,519,3,2021-05-06,231.64,PayPal
880,234,4,2021-08-30,350.97,PayPal
881,932,4,2024-07-22,414.48,PayPal
882,753,4,2020-02-10,455.71,Credit Card
883,44,1,2024-03-08,437.15,Credit Card
884,775,4,2024-05-15,170.75,Bank Transfer
885,231,2,2021-09-23,423.77,PayPal
886,78,1,2020-07-04,172.69,PayPal
887,21,2,2024-06-04,217.51,Credit Card
888,501,3,2020-09-17,43.24,PayPal
889,14,1,2020-04-12,334.84,PayPal
890,565,4,2020-01-21,295.41,PayPal
891,796,4,2020-11-30,64.69,Bank Transfer
892,928,2,2020-05-11,476.24,PayPal
893,602,3,2023-03-27,498.43,Credit Card
894,618,2,2022-01-18,425.51,Cash
895,353,2,2023-01-13,264.42,Bank Transfer
896,390,1,2023-09-12,485.11,Bank Transfer
897,370,4,2022-07-04,56.65,Credit Card
898,461,1,2023-12-08,393.61,Bank Transfer
899,375,4,2020-01-05,286.94,Bank Transfer
900,109,3,2021-03-21,225.06,Bank Transfer
901,95,3,2023-09-03,448.12,Bank Transfer
902,624,2,2021-12-23,235.84,Credit Card
903,7,3,2024-01-10,368.32,Credit Card
904,522,2,2021-01-31,287.21,Credit Card
905,656,1,2020-07-15,426.27,Cash
906,783,4,2024-04-16,11.92,Cash
907,333,1,2020-10-05,138.53,Cash
908,739,2,2021-12-13,341.27,Credit Card
909,97,4,2024-04-18,424.58,Bank Transfer
910,199,2,2024-10-20,62.63,Bank Transfer
911,378,3,2021-12-06,42.48,Credit Card
912,772,4,2024-10-01,396,Credit Card
913,569,2,2022-09-12,465.74,Bank Transfer
914,574,3,2024-12-08,336.99,PayPal
915,577,1,2021-08-18,13.09,Credit Card
916,27,3,2021-10-02,285.27,Bank Transfer
917,421,1,2021-06-20,163.58,Cash
918,610,4,2020-08-01,117.65,Credit Card
919,456,2,2020-03-30,426.46,Cash
920,938,2,2022-01-24,79.69,PayPal
921,638,2,2020-05-22,306.19,PayPal
922,797,4,2021-12-07,406.5,Cash
923,293,1,2020-11-21,182.41,Cash
924,918,2,2024-10-29,311.23,Credit Card
925,203,2,2023-05-18,393.21,Credit Card
926,643,1,2020-10-07,43.4,PayPal
927,280,3,2022-03-16,375.59,Credit Card
928,383,4,2023-06-03,69.98,Bank Transfer
929,837,4,2020-12-29,302.72,Bank Transfer
930,265,3,2024-08-10,27.9,Credit Card
931,953,1,2022-02-17,143.35,Cash
932,63,1,2022-04-05,483.13,Bank Transfer
933,840,3,2020-10-29,246.55,Cash
934,263,4,2021-09-19,94.03,Credit Card
935,419,3,2023-03-28,83.37,PayPal
936,202,1,2022-03-01,233.83,PayPal
937,934,4,2020-04-20,309.79,Bank Transfer
938,805,2,2022-01-21,343.95,Bank Transfer
939,55,2,2021-11-25,378.28,PayPal
940,636,4,2022-05-26,226.82,Credit Card
941,183,2,2021-05-06,69.46,PayPal
942,416,1,2023-10-16,465.61,Credit Card
943,848,1,2020-07-05,363.59,PayPal
944,366,3,2022-05-28,267.43,Cash
945,272,2,2023-05-30,487.91,Cash
946,298,4,2023-06-09,132.01,Cash
947,510,1,2022-02-17,104.8,Cash
948,324,3,2020-10-03,440.64,Bank Transfer
949,552,1,2024-10-28,155.4,Cash
950,720,2,2020-08-08,261.21,Credit Card
951,731,3,2023-11-23,350.84,Cash
952,535,3,2023-01-12,463,Bank Transfer
953,215,2,2022-03-21,447.65,Cash
954,897,1,2023-05-08,241.75,PayPal
955,281,3,2021-01-25,69.73,Cash
956,564,3,2024-11-11,455.6,Credit Card
957,997,3,2023-08-17,403.41,Bank Transfer
958,64,4,2020-07-02,460.86,PayPal
959,343,1,2023-12-06,431.6,PayPal
960,586,3,2020-08-28,63.43,PayPal
961,1000,3,2020-12-20,58.07,PayPal
962,933,1,2020-05-02,157,Cash
963,966,3,2023-02-26,421.1,Bank Transfer
964,322,2,2024-07-10,52.05,PayPal
965,713,2,2020-12-23,248.62,Cash
966,697,4,2024-03-18,468.36,Credit Card
967,998,4,2024-09-29,63.5,Bank Transfer
968,388,3,2020-01-13,164.18,Credit Card
969,184,4,2021-08-01,192.79,Cash
970,761,3,2020-11-25,44.66,Bank Transfer
971,935,1,2023-11-23,289.23,Bank Transfer
972,38,2,2022-10-06,361.55,Credit Card
973,460,2,2021-11-08,328.84,Credit Card
974,542,2,2023-07-04,172.04,Bank Transfer
975,338,2,2023-03-03,265.54,Credit Card
976,872,2,2023-01-24,401.83,PayPal
977,554,3,2024-03-03,250.51,PayPal
978,229,3,2020-03-02,293.19,PayPal
979,925,3,2020-12-21,71.78,Cash
980,801,2,2021-03-08,471.97,Credit Card
981,392,1,2024-04-26,200.86,Bank Transfer
982,691,1,2023-04-22,255.43,Cash
983,306,1,2023-08-14,250.44,Bank Transfer
984,760,1,2020-07-07,48.65,PayPal
985,425,4,2021-12-24,76.78,Cash
986,813,3,2024-06-28,188.04,Cash
987,821,3,2020-07-06,33.23,Cash
988,287,4,2024-06-04,49.1,Bank Transfer
989,898,3,2020-07-18,75.77,PayPal
990,822,2,2024-10-11,327.56,Credit Card
991,762,3,2021-12-01,76.07,PayPal
992,701,3,2020-01-05,36.77,Cash
993,94,1,2021-10-01,296.5,Bank Transfer
994,454,4,2024-01-11,489.39,Cash
995,424,2,2020-05-19,358.19,Credit Card
996,841,2,2021-03-17,223.44,Cash
997,77,2,2023-05-15,147.53,Credit Card
998,528,1,2022-04-07,53.52,Cash
999,96,1,2021-12-17,374.48,PayPal
1000,745,3,2024-05-12,292.73,Bank Transfer
